[{"model": "auth.permission", "pk": 1, "fields": {"name": "Can add log entry", "content_type": 1, "codename": "add_logentry"}}, {"model": "auth.permission", "pk": 2, "fields": {"name": "Can change log entry", "content_type": 1, "codename": "change_logentry"}}, {"model": "auth.permission", "pk": 3, "fields": {"name": "Can delete log entry", "content_type": 1, "codename": "delete_logentry"}}, {"model": "auth.permission", "pk": 4, "fields": {"name": "Can view log entry", "content_type": 1, "codename": "view_logentry"}}, {"model": "auth.permission", "pk": 5, "fields": {"name": "Can add permission", "content_type": 2, "codename": "add_permission"}}, {"model": "auth.permission", "pk": 6, "fields": {"name": "Can change permission", "content_type": 2, "codename": "change_permission"}}, {"model": "auth.permission", "pk": 7, "fields": {"name": "Can delete permission", "content_type": 2, "codename": "delete_permission"}}, {"model": "auth.permission", "pk": 8, "fields": {"name": "Can view permission", "content_type": 2, "codename": "view_permission"}}, {"model": "auth.permission", "pk": 9, "fields": {"name": "Can add group", "content_type": 3, "codename": "add_group"}}, {"model": "auth.permission", "pk": 10, "fields": {"name": "Can change group", "content_type": 3, "codename": "change_group"}}, {"model": "auth.permission", "pk": 11, "fields": {"name": "Can delete group", "content_type": 3, "codename": "delete_group"}}, {"model": "auth.permission", "pk": 12, "fields": {"name": "Can view group", "content_type": 3, "codename": "view_group"}}, {"model": "auth.permission", "pk": 13, "fields": {"name": "Can add user", "content_type": 4, "codename": "add_user"}}, {"model": "auth.permission", "pk": 14, "fields": {"name": "Can change user", "content_type": 4, "codename": "change_user"}}, {"model": "auth.permission", "pk": 15, "fields": {"name": "Can delete user", "content_type": 4, "codename": "delete_user"}}, {"model": "auth.permission", "pk": 16, "fields": {"name": "Can view user", "content_type": 4, "codename": "view_user"}}, {"model": "auth.permission", "pk": 17, "fields": {"name": "Can add content type", "content_type": 5, "codename": "add_contenttype"}}, {"model": "auth.permission", "pk": 18, "fields": {"name": "Can change content type", "content_type": 5, "codename": "change_contenttype"}}, {"model": "auth.permission", "pk": 19, "fields": {"name": "Can delete content type", "content_type": 5, "codename": "delete_contenttype"}}, {"model": "auth.permission", "pk": 20, "fields": {"name": "Can view content type", "content_type": 5, "codename": "view_contenttype"}}, {"model": "auth.permission", "pk": 21, "fields": {"name": "Can add session", "content_type": 6, "codename": "add_session"}}, {"model": "auth.permission", "pk": 22, "fields": {"name": "Can change session", "content_type": 6, "codename": "change_session"}}, {"model": "auth.permission", "pk": 23, "fields": {"name": "Can delete session", "content_type": 6, "codename": "delete_session"}}, {"model": "auth.permission", "pk": 24, "fields": {"name": "Can view session", "content_type": 6, "codename": "view_session"}}, {"model": "auth.permission", "pk": 25, "fields": {"name": "Can add group object permission", "content_type": 7, "codename": "add_groupobjectpermission"}}, {"model": "auth.permission", "pk": 26, "fields": {"name": "Can change group object permission", "content_type": 7, "codename": "change_groupobjectpermission"}}, {"model": "auth.permission", "pk": 27, "fields": {"name": "Can delete group object permission", "content_type": 7, "codename": "delete_groupobjectpermission"}}, {"model": "auth.permission", "pk": 28, "fields": {"name": "Can view group object permission", "content_type": 7, "codename": "view_groupobjectpermission"}}, {"model": "auth.permission", "pk": 29, "fields": {"name": "Can add user object permission", "content_type": 8, "codename": "add_userobjectpermission"}}, {"model": "auth.permission", "pk": 30, "fields": {"name": "Can change user object permission", "content_type": 8, "codename": "change_userobjectpermission"}}, {"model": "auth.permission", "pk": 31, "fields": {"name": "Can delete user object permission", "content_type": 8, "codename": "delete_userobjectpermission"}}, {"model": "auth.permission", "pk": 32, "fields": {"name": "Can view user object permission", "content_type": 8, "codename": "view_userobjectpermission"}}, {"model": "auth.permission", "pk": 33, "fields": {"name": "Can add level", "content_type": 9, "codename": "add_level"}}, {"model": "auth.permission", "pk": 34, "fields": {"name": "Can change level", "content_type": 9, "codename": "change_level"}}, {"model": "auth.permission", "pk": 35, "fields": {"name": "Can delete level", "content_type": 9, "codename": "delete_level"}}, {"model": "auth.permission", "pk": 36, "fields": {"name": "Can view level", "content_type": 9, "codename": "view_level"}}, {"model": "auth.permission", "pk": 37, "fields": {"name": "Can add location", "content_type": 10, "codename": "add_location"}}, {"model": "auth.permission", "pk": 38, "fields": {"name": "Can change location", "content_type": 10, "codename": "change_location"}}, {"model": "auth.permission", "pk": 39, "fields": {"name": "Can delete location", "content_type": 10, "codename": "delete_location"}}, {"model": "auth.permission", "pk": 40, "fields": {"name": "Can view location", "content_type": 10, "codename": "view_location"}}, {"model": "auth.permission", "pk": 41, "fields": {"name": "Can add role", "content_type": 11, "codename": "add_role"}}, {"model": "auth.permission", "pk": 42, "fields": {"name": "Can change role", "content_type": 11, "codename": "change_role"}}, {"model": "auth.permission", "pk": 43, "fields": {"name": "Can delete role", "content_type": 11, "codename": "delete_role"}}, {"model": "auth.permission", "pk": 44, "fields": {"name": "Can view role", "content_type": 11, "codename": "view_role"}}, {"model": "auth.permission", "pk": 45, "fields": {"name": "Can add skill", "content_type": 12, "codename": "add_skill"}}, {"model": "auth.permission", "pk": 46, "fields": {"name": "Can change skill", "content_type": 12, "codename": "change_skill"}}, {"model": "auth.permission", "pk": 47, "fields": {"name": "Can delete skill", "content_type": 12, "codename": "delete_skill"}}, {"model": "auth.permission", "pk": 48, "fields": {"name": "Can view skill", "content_type": 12, "codename": "view_skill"}}, {"model": "auth.permission", "pk": 49, "fields": {"name": "Can add account", "content_type": 13, "codename": "add_account"}}, {"model": "auth.permission", "pk": 50, "fields": {"name": "Can change account", "content_type": 13, "codename": "change_account"}}, {"model": "auth.permission", "pk": 51, "fields": {"name": "Can delete account", "content_type": 13, "codename": "delete_account"}}, {"model": "auth.permission", "pk": 52, "fields": {"name": "Can view account", "content_type": 13, "codename": "view_account"}}, {"model": "auth.permission", "pk": 53, "fields": {"name": "Can add contact", "content_type": 14, "codename": "add_contact"}}, {"model": "auth.permission", "pk": 54, "fields": {"name": "Can change contact", "content_type": 14, "codename": "change_contact"}}, {"model": "auth.permission", "pk": 55, "fields": {"name": "Can delete contact", "content_type": 14, "codename": "delete_contact"}}, {"model": "auth.permission", "pk": 56, "fields": {"name": "Can view contact", "content_type": 14, "codename": "view_contact"}}, {"model": "auth.permission", "pk": 57, "fields": {"name": "Can add opportunity", "content_type": 15, "codename": "add_opportunity"}}, {"model": "auth.permission", "pk": 58, "fields": {"name": "Can change opportunity", "content_type": 15, "codename": "change_opportunity"}}, {"model": "auth.permission", "pk": 59, "fields": {"name": "Can delete opportunity", "content_type": 15, "codename": "delete_opportunity"}}, {"model": "auth.permission", "pk": 60, "fields": {"name": "Can view opportunity", "content_type": 15, "codename": "view_opportunity"}}, {"model": "auth.permission", "pk": 61, "fields": {"name": "Can add opportunity contact", "content_type": 16, "codename": "add_opportunitycontact"}}, {"model": "auth.permission", "pk": 62, "fields": {"name": "Can change opportunity contact", "content_type": 16, "codename": "change_opportunitycontact"}}, {"model": "auth.permission", "pk": 63, "fields": {"name": "Can delete opportunity contact", "content_type": 16, "codename": "delete_opportunitycontact"}}, {"model": "auth.permission", "pk": 64, "fields": {"name": "Can view opportunity contact", "content_type": 16, "codename": "view_opportunitycontact"}}, {"model": "auth.permission", "pk": 65, "fields": {"name": "Can add activity", "content_type": 17, "codename": "add_activity"}}, {"model": "auth.permission", "pk": 66, "fields": {"name": "Can change activity", "content_type": 17, "codename": "change_activity"}}, {"model": "auth.permission", "pk": 67, "fields": {"name": "Can delete activity", "content_type": 17, "codename": "delete_activity"}}, {"model": "auth.permission", "pk": 68, "fields": {"name": "Can view activity", "content_type": 17, "codename": "view_activity"}}, {"model": "auth.permission", "pk": 69, "fields": {"name": "Can add campaign", "content_type": 18, "codename": "add_campaign"}}, {"model": "auth.permission", "pk": 70, "fields": {"name": "Can change campaign", "content_type": 18, "codename": "change_campaign"}}, {"model": "auth.permission", "pk": 71, "fields": {"name": "Can delete campaign", "content_type": 18, "codename": "delete_campaign"}}, {"model": "auth.permission", "pk": 72, "fields": {"name": "Can view campaign", "content_type": 18, "codename": "view_campaign"}}, {"model": "auth.permission", "pk": 73, "fields": {"name": "Can add campaign attachment", "content_type": 19, "codename": "add_campaignattachment"}}, {"model": "auth.permission", "pk": 74, "fields": {"name": "Can change campaign attachment", "content_type": 19, "codename": "change_campaignattachment"}}, {"model": "auth.permission", "pk": 75, "fields": {"name": "Can delete campaign attachment", "content_type": 19, "codename": "delete_campaignattachment"}}, {"model": "auth.permission", "pk": 76, "fields": {"name": "Can view campaign attachment", "content_type": 19, "codename": "view_campaignattachment"}}, {"model": "auth.permission", "pk": 77, "fields": {"name": "Can add campaign predicate", "content_type": 20, "codename": "add_campaignpredicate"}}, {"model": "auth.permission", "pk": 78, "fields": {"name": "Can change campaign predicate", "content_type": 20, "codename": "change_campaignpredicate"}}, {"model": "auth.permission", "pk": 79, "fields": {"name": "Can delete campaign predicate", "content_type": 20, "codename": "delete_campaignpredicate"}}, {"model": "auth.permission", "pk": 80, "fields": {"name": "Can view campaign predicate", "content_type": 20, "codename": "view_campaignpredicate"}}, {"model": "auth.permission", "pk": 81, "fields": {"name": "Can add wave", "content_type": 21, "codename": "add_wave"}}, {"model": "auth.permission", "pk": 82, "fields": {"name": "Can change wave", "content_type": 21, "codename": "change_wave"}}, {"model": "auth.permission", "pk": 83, "fields": {"name": "Can delete wave", "content_type": 21, "codename": "delete_wave"}}, {"model": "auth.permission", "pk": 84, "fields": {"name": "Can view wave", "content_type": 21, "codename": "view_wave"}}, {"model": "auth.permission", "pk": 85, "fields": {"name": "Can add activity opportunity contact", "content_type": 22, "codename": "add_activityopportunitycontact"}}, {"model": "auth.permission", "pk": 86, "fields": {"name": "Can change activity opportunity contact", "content_type": 22, "codename": "change_activityopportunitycontact"}}, {"model": "auth.permission", "pk": 87, "fields": {"name": "Can delete activity opportunity contact", "content_type": 22, "codename": "delete_activityopportunitycontact"}}, {"model": "auth.permission", "pk": 88, "fields": {"name": "Can view activity opportunity contact", "content_type": 22, "codename": "view_activityopportunitycontact"}}, {"model": "auth.permission", "pk": 89, "fields": {"name": "Can add etl task", "content_type": 23, "codename": "add_etltask"}}, {"model": "auth.permission", "pk": 90, "fields": {"name": "Can change etl task", "content_type": 23, "codename": "change_etltask"}}, {"model": "auth.permission", "pk": 91, "fields": {"name": "Can delete etl task", "content_type": 23, "codename": "delete_etltask"}}, {"model": "auth.permission", "pk": 92, "fields": {"name": "Can view etl task", "content_type": 23, "codename": "view_etltask"}}, {"model": "auth.permission", "pk": 93, "fields": {"name": "Can add campaign property", "content_type": 24, "codename": "add_campaignproperty"}}, {"model": "auth.permission", "pk": 94, "fields": {"name": "Can change campaign property", "content_type": 24, "codename": "change_campaignproperty"}}, {"model": "auth.permission", "pk": 95, "fields": {"name": "Can delete campaign property", "content_type": 24, "codename": "delete_campaignproperty"}}, {"model": "auth.permission", "pk": 96, "fields": {"name": "Can view campaign property", "content_type": 24, "codename": "view_campaignproperty"}}, {"model": "auth.permission", "pk": 97, "fields": {"name": "Can add campaign post action", "content_type": 25, "codename": "add_campaignpostaction"}}, {"model": "auth.permission", "pk": 98, "fields": {"name": "Can change campaign post action", "content_type": 25, "codename": "change_campaignpostaction"}}, {"model": "auth.permission", "pk": 99, "fields": {"name": "Can delete campaign post action", "content_type": 25, "codename": "delete_campaignpostaction"}}, {"model": "auth.permission", "pk": 100, "fields": {"name": "Can view campaign post action", "content_type": 25, "codename": "view_campaignpostaction"}}, {"model": "auth.user", "pk": 1, "fields": {"password": "!HftMW14IoGAqtE8erHkixvCAoM1c3DGtsmRUqJoZ", "last_login": null, "is_superuser": false, "username": "AnonymousUser", "first_name": "", "last_name": "", "email": "", "is_staff": false, "is_active": true, "date_joined": "2019-01-28T18:20:44.595Z", "groups": [], "user_permissions": []}}, {"model": "auth.user", "pk": 2, "fields": {"password": "pbkdf2_sha256$120000$xytkRnF2nNIS$G8X4dzsrpHSoUo5cQJoYZkq2zqOjM+aiszdLWRNGchU=", "last_login": "2019-03-20T10:41:05.289Z", "is_superuser": true, "username": "root", "first_name": "", "last_name": "", "email": "root@ro.ot", "is_staff": true, "is_active": true, "date_joined": "2019-01-28T18:26:28.490Z", "groups": [], "user_permissions": []}}, {"model": "sessions.session", "pk": "lmfuusv4peul4vtmkbmcr2dp71baslts", "fields": {"session_data": "YzdiOGNmYWE2ZjJlOTU3ODdmZGQ1OWM1ODI0NWQyNTllMjlkYTY4Zjp7Il9hdXRoX3VzZXJfaWQiOiIyIiwiX2F1dGhfdXNlcl9iYWNrZW5kIjoiZGphbmdvLmNvbnRyaWIuYXV0aC5iYWNrZW5kcy5Nb2RlbEJhY2tlbmQiLCJfYXV0aF91c2VyX2hhc2giOiIxNmQ0NzllZjVlNTJlY2IzZmUwYTNmMDY5ZGIzYzIwOGU1OWUwY2UxIn0=", "expire_date": "2019-03-25T14:56:33.157Z"}}, {"model": "sessions.session", "pk": "mmcjvkxa8ss0sp0laq083hnq61og3u4u", "fields": {"session_data": "YzdiOGNmYWE2ZjJlOTU3ODdmZGQ1OWM1ODI0NWQyNTllMjlkYTY4Zjp7Il9hdXRoX3VzZXJfaWQiOiIyIiwiX2F1dGhfdXNlcl9iYWNrZW5kIjoiZGphbmdvLmNvbnRyaWIuYXV0aC5iYWNrZW5kcy5Nb2RlbEJhY2tlbmQiLCJfYXV0aF91c2VyX2hhc2giOiIxNmQ0NzllZjVlNTJlY2IzZmUwYTNmMDY5ZGIzYzIwOGU1OWUwY2UxIn0=", "expire_date": "2019-02-12T20:16:57.309Z"}}, {"model": "sessions.session", "pk": "mwjqidt5gzfnakbs0g8amxl7gdispf0x", "fields": {"session_data": "YzdiOGNmYWE2ZjJlOTU3ODdmZGQ1OWM1ODI0NWQyNTllMjlkYTY4Zjp7Il9hdXRoX3VzZXJfaWQiOiIyIiwiX2F1dGhfdXNlcl9iYWNrZW5kIjoiZGphbmdvLmNvbnRyaWIuYXV0aC5iYWNrZW5kcy5Nb2RlbEJhY2tlbmQiLCJfYXV0aF91c2VyX2hhc2giOiIxNmQ0NzllZjVlNTJlY2IzZmUwYTNmMDY5ZGIzYzIwOGU1OWUwY2UxIn0=", "expire_date": "2019-04-03T10:41:05.300Z"}}, {"model": "sessions.session", "pk": "s10kqrekoir9jkcoi0864k6fc6t7gmdr", "fields": {"session_data": "YzdiOGNmYWE2ZjJlOTU3ODdmZGQ1OWM1ODI0NWQyNTllMjlkYTY4Zjp7Il9hdXRoX3VzZXJfaWQiOiIyIiwiX2F1dGhfdXNlcl9iYWNrZW5kIjoiZGphbmdvLmNvbnRyaWIuYXV0aC5iYWNrZW5kcy5Nb2RlbEJhY2tlbmQiLCJfYXV0aF91c2VyX2hhc2giOiIxNmQ0NzllZjVlNTJlY2IzZmUwYTNmMDY5ZGIzYzIwOGU1OWUwY2UxIn0=", "expire_date": "2019-03-09T14:15:49.223Z"}}, {"model": "sessions.session", "pk": "x3rksfs1ebmcitgo8eobram67d6uitvy", "fields": {"session_data": "YzdiOGNmYWE2ZjJlOTU3ODdmZGQ1OWM1ODI0NWQyNTllMjlkYTY4Zjp7Il9hdXRoX3VzZXJfaWQiOiIyIiwiX2F1dGhfdXNlcl9iYWNrZW5kIjoiZGphbmdvLmNvbnRyaWIuYXV0aC5iYWNrZW5kcy5Nb2RlbEJhY2tlbmQiLCJfYXV0aF91c2VyX2hhc2giOiIxNmQ0NzllZjVlNTJlY2IzZmUwYTNmMDY5ZGIzYzIwOGU1OWUwY2UxIn0=", "expire_date": "2019-03-23T16:57:30.060Z"}}, {"model": "crm.level", "pk": 1, "fields": {"title": "Consultant", "number": "9 - Consultant"}}, {"model": "crm.level", "pk": 2, "fields": {"title": "Analyst", "number": "10 - Analyst"}}, {"model": "crm.level", "pk": 3, "fields": {"title": "Associate", "number": "12 - Associate"}}, {"model": "crm.level", "pk": 4, "fields": {"title": "Analyst", "number": "11 - Analyst"}}, {"model": "crm.level", "pk": 5, "fields": {"title": "Consultant", "number": "8 - Consultant"}}, {"model": "crm.level", "pk": 6, "fields": {"title": "Manager", "number": "7 - Manager"}}, {"model": "crm.level", "pk": 7, "fields": {"title": "Senior Manager", "number": "6 - Senior Manager"}}, {"model": "crm.level", "pk": 8, "fields": {"title": "Associate", "number": "13 - Associate"}}, {"model": "crm.level", "pk": 9, "fields": {"title": "Accenture Leadership", "number": "Managing Director"}}, {"model": "crm.level", "pk": 10, "fields": {"title": "Senior Manager", "number": "5 - Associate Director"}}, {"model": "crm.role", "pk": 1091, "fields": {"name": "Data Integration 12", "requirements": "", "state": "Open - Need Project Feedback", "location": 81, "valid_from": null, "valid_till": null, "opportunity": 339, "from_level": 3, "to_level": 3, "primary_skill": 52, "secondary_skills": "No Technology Specialty", "import_key": "437432"}}, {"model": "crm.role", "pk": 1092, "fields": {"name": "Data Integration 9", "requirements": "", "state": "Open - In Process", "location": 81, "valid_from": null, "valid_till": null, "opportunity": 339, "from_level": 1, "to_level": 1, "primary_skill": 52, "secondary_skills": "No Technology Specialty", "import_key": "506929"}}, {"model": "crm.role", "pk": 1093, "fields": {"name": "Data Integration 10", "requirements": "", "state": "Open - In Process", "location": 81, "valid_from": null, "valid_till": null, "opportunity": 339, "from_level": 2, "to_level": 2, "primary_skill": 52, "secondary_skills": "Database Technologies", "import_key": "520637"}}, {"model": "crm.role", "pk": 1094, "fields": {"name": "Data Integration 12", "requirements": "", "state": "Open - In Process", "location": 82, "valid_from": null, "valid_till": null, "opportunity": 340, "from_level": 3, "to_level": 3, "primary_skill": 52, "secondary_skills": "No Technology Specialty", "import_key": "529531"}}, {"model": "crm.role", "pk": 1095, "fields": {"name": "Data Integration 12", "requirements": "", "state": "Open - In Process", "location": 82, "valid_from": null, "valid_till": null, "opportunity": 340, "from_level": 3, "to_level": 3, "primary_skill": 52, "secondary_skills": "No Technology Specialty", "import_key": "529532"}}, {"model": "crm.role", "pk": 1096, "fields": {"name": "Data Integration 10", "requirements": "", "state": "Open - In Process", "location": 82, "valid_from": null, "valid_till": null, "opportunity": 340, "from_level": 2, "to_level": 2, "primary_skill": 52, "secondary_skills": "No Technology Specialty", "import_key": "530819"}}, {"model": "crm.role", "pk": 1097, "fields": {"name": "Data Integration 10", "requirements": "", "state": "Open - In Process", "location": 82, "valid_from": null, "valid_till": null, "opportunity": 340, "from_level": 2, "to_level": 2, "primary_skill": 52, "secondary_skills": "No Technology Specialty", "import_key": "532264"}}, {"model": "crm.location", "pk": 1, "fields": {"location": "PDC3A - SEZ", "country": "India", "region": ""}}, {"model": "crm.location", "pk": 2, "fields": {"location": "BDC8D - SEZ", "country": "India", "region": ""}}, {"model": "crm.location", "pk": 3, "fields": {"location": "MDC5A - SEZ", "country": "India", "region": ""}}, {"model": "crm.location", "pk": 4, "fields": {"location": "BDC6E - SEZ", "country": "India", "region": ""}}, {"model": "crm.location", "pk": 5, "fields": {"location": "Milan", "country": "Italy", "region": ""}}, {"model": "crm.location", "pk": 6, "fields": {"location": "Italia - Italy|MI|Milano|20138|Via|Monte Penice|7|1|n.a.", "country": "Italy", "region": ""}}, {"model": "crm.location", "pk": 7, "fields": {"location": "Milano", "country": "Italy", "region": ""}}, {"model": "crm.location", "pk": 8, "fields": {"location": "Roma", "country": "Italy", "region": ""}}, {"model": "crm.location", "pk": 9, "fields": {"location": "Rome", "country": "Italy", "region": ""}}, {"model": "crm.location", "pk": 10, "fields": {"location": "London", "country": "United Kingdom", "region": ""}}, {"model": "crm.location", "pk": 11, "fields": {"location": "Italia - Italy|MI|Milano|20138|Via|Monte Penice|7|5|n.a.", "country": "Italy", "region": ""}}, {"model": "crm.location", "pk": 12, "fields": {"location": "milan", "country": "Italy", "region": ""}}, {"model": "crm.location", "pk": 13, "fields": {"location": "Bucharest", "country": "Romania", "region": ""}}, {"model": "crm.location", "pk": 14, "fields": {"location": "Lisbon", "country": "Portugal", "region": ""}}, {"model": "crm.location", "pk": 15, "fields": {"location": "Singapore", "country": "Singapore", "region": ""}}, {"model": "crm.location", "pk": 16, "fields": {"location": "Prague", "country": "Czech Republic", "region": ""}}, {"model": "crm.location", "pk": 17, "fields": {"location": "France - 92130 Issy-les-Moulineaux - 3 esplanade du Foncet", "country": "France", "region": ""}}, {"model": "crm.location", "pk": 18, "fields": {"location": "Bonn", "country": "Germany", "region": ""}}, {"model": "crm.location", "pk": 19, "fields": {"location": "Nuremberg", "country": "Germany", "region": ""}}, {"model": "crm.location", "pk": 20, "fields": {"location": "Croydon", "country": "United Kingdom", "region": ""}}, {"model": "crm.location", "pk": 21, "fields": {"location": "Toronto", "country": "Canada", "region": "Canada"}}, {"model": "crm.location", "pk": 22, "fields": {"location": "Lodz", "country": "Poland", "region": ""}}, {"model": "crm.location", "pk": 23, "fields": {"location": "Malaga Severo Ochoa", "country": "Spain", "region": ""}}, {"model": "crm.location", "pk": 24, "fields": {"location": "Montreal", "country": "Canada", "region": "Canada"}}, {"model": "crm.location", "pk": 25, "fields": {"location": "Athens", "country": "Greece", "region": ""}}, {"model": "crm.location", "pk": 26, "fields": {"location": "Newcastle", "country": "United Kingdom", "region": ""}}, {"model": "crm.location", "pk": 27, "fields": {"location": "Madrid", "country": "Spain", "region": ""}}, {"model": "crm.location", "pk": 28, "fields": {"location": "Vienna", "country": "Austria", "region": ""}}, {"model": "crm.location", "pk": 29, "fields": {"location": "Clermont-Ferrand", "country": "France", "region": ""}}, {"model": "crm.location", "pk": 30, "fields": {"location": "Netherlands - 5211 AK 's Hertogenbosch - Willemsplein 4", "country": "Netherlands", "region": ""}}, {"model": "crm.location", "pk": 31, "fields": {"location": "Warsaw", "country": "Poland", "region": ""}}, {"model": "crm.location", "pk": 32, "fields": {"location": "Oslo", "country": "Norway", "region": ""}}, {"model": "crm.location", "pk": 33, "fields": {"location": "Barcelona", "country": "Spain", "region": ""}}, {"model": "crm.location", "pk": 34, "fields": {"location": "Edinburgh", "country": "United Kingdom", "region": ""}}, {"model": "crm.location", "pk": 35, "fields": {"location": "Dublin", "country": "Ireland", "region": ""}}, {"model": "crm.location", "pk": 36, "fields": {"location": "Italia|CA|Cagliari|09122|Piazza|L'Unione Sarda|n.a.|1|n.a.Milan", "country": "Italy", "region": ""}}, {"model": "crm.location", "pk": 37, "fields": {"location": "Torre Iberdrola", "country": "Spain", "region": ""}}, {"model": "crm.location", "pk": 38, "fields": {"location": "Portugal", "country": "Portugal", "region": ""}}, {"model": "crm.location", "pk": 39, "fields": {"location": "Siena", "country": "Italy", "region": ""}}, {"model": "crm.location", "pk": 40, "fields": {"location": "Calgary", "country": "Canada", "region": "Canada"}}, {"model": "crm.location", "pk": 41, "fields": {"location": "Dusseldorf", "country": "Germany", "region": ""}}, {"model": "crm.location", "pk": 42, "fields": {"location": "Murcia", "country": "Spain", "region": ""}}, {"model": "crm.location", "pk": 43, "fields": {"location": "Den Bosch", "country": "Netherlands", "region": ""}}, {"model": "crm.location", "pk": 44, "fields": {"location": "Edmonton, AB", "country": "Canada", "region": "Canada"}}, {"model": "crm.location", "pk": 45, "fields": {"location": "Hamburg", "country": "Germany", "region": ""}}, {"model": "crm.location", "pk": 46, "fields": {"location": "Nuernberg", "country": "Germany", "region": ""}}, {"model": "crm.location", "pk": 47, "fields": {"location": "Bratislava", "country": "Slovakia", "region": ""}}, {"model": "crm.location", "pk": 48, "fields": {"location": "zurich", "country": "Switzerland", "region": ""}}, {"model": "crm.location", "pk": 49, "fields": {"location": "Wolfsburg", "country": "Germany", "region": ""}}, {"model": "crm.location", "pk": 50, "fields": {"location": "Stockholm", "country": "Sweden", "region": ""}}, {"model": "crm.location", "pk": 51, "fields": {"location": "Gothenburg", "country": "Sweden", "region": ""}}, {"model": "crm.location", "pk": 52, "fields": {"location": "kuala lumpur", "country": "Singapore", "region": ""}}, {"model": "crm.location", "pk": 53, "fields": {"location": "Frankfurt", "country": "Germany", "region": ""}}, {"model": "crm.location", "pk": 54, "fields": {"location": "Eindhoven", "country": "Netherlands", "region": ""}}, {"model": "crm.location", "pk": 55, "fields": {"location": "Munich", "country": "Germany", "region": ""}}, {"model": "crm.location", "pk": 56, "fields": {"location": "Poland", "country": "Denmark", "region": ""}}, {"model": "crm.location", "pk": 57, "fields": {"location": "Franfurt", "country": "Germany", "region": ""}}, {"model": "crm.location", "pk": 58, "fields": {"location": "Malaga", "country": "Spain", "region": ""}}, {"model": "crm.location", "pk": 59, "fields": {"location": "barcelona", "country": "Spain", "region": ""}}, {"model": "crm.location", "pk": 60, "fields": {"location": "United Kingdon", "country": "United Kingdom", "region": ""}}, {"model": "crm.location", "pk": 61, "fields": {"location": "Helsinki", "country": "Finland", "region": ""}}, {"model": "crm.location", "pk": 62, "fields": {"location": "warsaw", "country": "Poland", "region": ""}}, {"model": "crm.location", "pk": 63, "fields": {"location": "Bad Homburg", "country": "Germany", "region": ""}}, {"model": "crm.location", "pk": 64, "fields": {"location": "Calgary, AB", "country": "Canada", "region": "Canada"}}, {"model": "crm.location", "pk": 65, "fields": {"location": "Sevilla", "country": "Spain", "region": ""}}, {"model": "crm.location", "pk": 66, "fields": {"location": "M\u00e1laga", "country": "Spain", "region": ""}}, {"model": "crm.location", "pk": 67, "fields": {"location": "Fleet", "country": "United Kingdom", "region": ""}}, {"model": "crm.location", "pk": 68, "fields": {"location": "Lisboa", "country": "Germany", "region": ""}}, {"model": "crm.location", "pk": 69, "fields": {"location": "Stavanger", "country": "Norway", "region": ""}}, {"model": "crm.location", "pk": 70, "fields": {"location": "Ottawa", "country": "Canada", "region": "Canada"}}, {"model": "crm.location", "pk": 71, "fields": {"location": "Global One Eastwood - TZ", "country": "Philippines", "region": ""}}, {"model": "crm.location", "pk": 72, "fields": {"location": "Uptown Bonifacio 3 - TZ", "country": "Philippines", "region": ""}}, {"model": "crm.location", "pk": 73, "fields": {"location": "Manila - Science Hub Tower 2 - TZ", "country": "Philippines", "region": ""}}, {"model": "crm.location", "pk": 74, "fields": {"location": "Robinsons Cybergate 2 - TZ", "country": "Philippines", "region": ""}}, {"model": "crm.location", "pk": 75, "fields": {"location": "M2B - STPI", "country": "India", "region": ""}}, {"model": "crm.location", "pk": 76, "fields": {"location": "Paris", "country": "France", "region": ""}}, {"model": "crm.location", "pk": 77, "fields": {"location": "Lisbon or Monterrey", "country": "Germany", "region": ""}}, {"model": "crm.location", "pk": 78, "fields": {"location": "Heslinki", "country": "Finland", "region": ""}}, {"model": "crm.location", "pk": 79, "fields": {"location": "Manchester", "country": "United Kingdom", "region": ""}}, {"model": "crm.location", "pk": 80, "fields": {"location": "madrid", "country": "Spain", "region": ""}}, {"model": "crm.location", "pk": 81, "fields": {"location": "Work location A", "country": "Neverland", "region": ""}}, {"model": "crm.location", "pk": 82, "fields": {"location": "Work location B", "country": "Neverland", "region": ""}}, {"model": "crm.skill", "pk": 1, "fields": {"name": "Cisco Routing and Switching"}}, {"model": "crm.skill", "pk": 2, "fields": {"name": "Oracle BI Technical Architecture"}}, {"model": "crm.skill", "pk": 3, "fields": {"name": "JavaScript"}}, {"model": "crm.skill", "pk": 4, "fields": {"name": "Functional Test Planning"}}, {"model": "crm.skill", "pk": 5, "fields": {"name": "Java Enterprise Edition"}}, {"model": "crm.skill", "pk": 6, "fields": {"name": "F5 Load Balancers"}}, {"model": "crm.skill", "pk": 7, "fields": {"name": "UiPath Robotic Process Automation"}}, {"model": "crm.skill", "pk": 8, "fields": {"name": "Oracle Procedural Language Extensions to SQL"}}, {"model": "crm.skill", "pk": 9, "fields": {"name": "ASP.NET"}}, {"model": "crm.skill", "pk": 10, "fields": {"name": "Java Platform Language and Class Libraries"}}, {"model": "crm.skill", "pk": 11, "fields": {"name": "Microsoft - Robotic Process Automation"}}, {"model": "crm.skill", "pk": 12, "fields": {"name": "Apple iOS Application Development"}}, {"model": "crm.skill", "pk": 13, "fields": {"name": "Microsoft SQL Server Analysis Services"}}, {"model": "crm.skill", "pk": 14, "fields": {"name": "Informatica ILM TDM and TDG"}}, {"model": "crm.skill", "pk": 15, "fields": {"name": "SAP BusinessObjects Business Intelligence"}}, {"model": "crm.skill", "pk": 16, "fields": {"name": "Business Analysis"}}, {"model": "crm.skill", "pk": 17, "fields": {"name": "DevOps"}}, {"model": "crm.skill", "pk": 18, "fields": {"name": "Issue Management"}}, {"model": "crm.skill", "pk": 19, "fields": {"name": "Program and Project Management"}}, {"model": "crm.skill", "pk": 20, "fields": {"name": "Oracle Siebel Tools"}}, {"model": "crm.skill", "pk": 21, "fields": {"name": "Salesforce Administration"}}, {"model": "crm.skill", "pk": 22, "fields": {"name": "CRM Applications"}}, {"model": "crm.skill", "pk": 23, "fields": {"name": "Oracle BEA Weblogic"}}, {"model": "crm.skill", "pk": 24, "fields": {"name": "Siebel Open UI"}}, {"model": "crm.skill", "pk": 25, "fields": {"name": "Application Architectures"}}, {"model": "crm.skill", "pk": 26, "fields": {"name": "Business Process Design"}}, {"model": "crm.skill", "pk": 27, "fields": {"name": "Network Architecture and Design"}}, {"model": "crm.skill", "pk": 28, "fields": {"name": "Operations Management"}}, {"model": "crm.skill", "pk": 29, "fields": {"name": "Communications Strategy & Management"}}, {"model": "crm.skill", "pk": 30, "fields": {"name": "Agile Team Practices"}}, {"model": "crm.skill", "pk": 31, "fields": {"name": "Microsoft Excel"}}, {"model": "crm.skill", "pk": 32, "fields": {"name": "Telecommunications Network Capability"}}, {"model": "crm.skill", "pk": 33, "fields": {"name": "Test Execution and Management"}}, {"model": "crm.skill", "pk": 34, "fields": {"name": "Functional Design"}}, {"model": "crm.skill", "pk": 35, "fields": {"name": "Fulfillment Operations & Order Management"}}, {"model": "crm.skill", "pk": 36, "fields": {"name": "SQL (Structured Query Language)"}}, {"model": "crm.skill", "pk": 37, "fields": {"name": "Wireline/Fixed and Broadband"}}, {"model": "crm.skill", "pk": 38, "fields": {"name": "BI Reporting Tools"}}, {"model": "crm.skill", "pk": 39, "fields": {"name": "TIBCO Solutions"}}, {"model": "crm.skill", "pk": 40, "fields": {"name": "Security Program Management"}}, {"model": "crm.skill", "pk": 41, "fields": {"name": "Microsoft .NET Architecture"}}, {"model": "crm.skill", "pk": 42, "fields": {"name": ".NET Programming Language"}}, {"model": "crm.skill", "pk": 43, "fields": {"name": "HTML5"}}, {"model": "crm.skill", "pk": 44, "fields": {"name": "SiteCore"}}, {"model": "crm.skill", "pk": 45, "fields": {"name": "DevOps Architecture"}}, {"model": "crm.skill", "pk": 46, "fields": {"name": "Cascading Style Sheets (CSS)"}}, {"model": "crm.skill", "pk": 47, "fields": {"name": "Microsoft Dynamics 365 CRM"}}, {"model": "crm.skill", "pk": 48, "fields": {"name": "react.js"}}, {"model": "crm.skill", "pk": 49, "fields": {"name": "Microsoft Dynamics 365 CRM Technical"}}, {"model": "crm.skill", "pk": 50, "fields": {"name": "Microsoft Dynamics 365 CRM Functional"}}, {"model": "crm.skill", "pk": 51, "fields": {"name": "Azure Architecture"}}, {"model": "crm.skill", "pk": 52, "fields": {"name": "Informatica PowerCenter"}}, {"model": "crm.skill", "pk": 53, "fields": {"name": "SAP BusinessObjects Data Services"}}, {"model": "crm.skill", "pk": 54, "fields": {"name": "SAS BI Tools"}}, {"model": "crm.skill", "pk": 55, "fields": {"name": "Data Modeling Techniques and Methodologies"}}, {"model": "crm.skill", "pk": 56, "fields": {"name": "English"}}, {"model": "crm.skill", "pk": 57, "fields": {"name": "SAS Base & Macros"}}, {"model": "crm.skill", "pk": 58, "fields": {"name": "Informatica Product 360 (PIM)"}}, {"model": "crm.skill", "pk": 59, "fields": {"name": "Extract Transform and Load (ETL)"}}, {"model": "crm.skill", "pk": 60, "fields": {"name": "Microsoft Power BI"}}, {"model": "crm.skill", "pk": 61, "fields": {"name": "Teradata BI"}}, {"model": "crm.skill", "pk": 62, "fields": {"name": "Technology Architectures"}}, {"model": "crm.skill", "pk": 63, "fields": {"name": "Enterprise Performance Management (EPM) Reporting Solutions"}}, {"model": "crm.account", "pk": 158, "fields": {"account_name": "Big Client One", "contacts": [], "opportunities": [339]}}, {"model": "crm.account", "pk": 159, "fields": {"account_name": "Great Client Two", "contacts": [], "opportunities": [340]}}, {"model": "crm.contact", "pk": 447, "fields": {"state": "new", "first_name": "Alina Leonora", "last_name": "Petrova Vodkina", "display_name": "Alina Leonora Petrova Vodkina", "email": "alina.leonora.petrova.vodkina@accenture.com"}}, {"model": "crm.contact", "pk": 448, "fields": {"state": "new", "first_name": "Petr I L", "last_name": "Sidorov", "display_name": "Petr  I L Sidorov", "email": "petr.i.l.sidorov@accenture.com"}}, {"model": "crm.contact", "pk": 449, "fields": {"state": "new", "first_name": "Lisa", "last_name": "Brungilda Maria Braun F", "display_name": "Lisa Brungilda Maria Braun F", "email": "lisa.brungilda.maria.braun.f@accenture.com"}}, {"model": "crm.opportunitycontact", "pk": 2161, "fields": {"contact_role": "primary", "contact": 447, "opportunity": 339, "role": 1091}}, {"model": "crm.opportunitycontact", "pk": 2162, "fields": {"contact_role": "key_contact", "contact": 447, "opportunity": 339, "role": 1091}}, {"model": "crm.opportunitycontact", "pk": 2163, "fields": {"contact_role": "primary", "contact": 447, "opportunity": 339, "role": 1092}}, {"model": "crm.opportunitycontact", "pk": 2164, "fields": {"contact_role": "key_contact", "contact": 447, "opportunity": 339, "role": 1092}}, {"model": "crm.opportunitycontact", "pk": 2165, "fields": {"contact_role": "primary", "contact": 447, "opportunity": 339, "role": 1093}}, {"model": "crm.opportunitycontact", "pk": 2166, "fields": {"contact_role": "key_contact", "contact": 447, "opportunity": 339, "role": 1093}}, {"model": "crm.opportunitycontact", "pk": 2167, "fields": {"contact_role": "primary", "contact": 448, "opportunity": 340, "role": 1094}}, {"model": "crm.opportunitycontact", "pk": 2168, "fields": {"contact_role": "key_contact", "contact": 449, "opportunity": 340, "role": 1094}}, {"model": "crm.opportunitycontact", "pk": 2169, "fields": {"contact_role": "primary", "contact": 448, "opportunity": 340, "role": 1095}}, {"model": "crm.opportunitycontact", "pk": 2170, "fields": {"contact_role": "key_contact", "contact": 449, "opportunity": 340, "role": 1095}}, {"model": "crm.opportunitycontact", "pk": 2171, "fields": {"contact_role": "primary", "contact": 448, "opportunity": 340, "role": 1096}}, {"model": "crm.opportunitycontact", "pk": 2172, "fields": {"contact_role": "key_contact", "contact": 449, "opportunity": 340, "role": 1096}}, {"model": "crm.opportunitycontact", "pk": 2173, "fields": {"contact_role": "primary", "contact": 448, "opportunity": 340, "role": 1097}}, {"model": "crm.opportunitycontact", "pk": 2174, "fields": {"contact_role": "key_contact", "contact": 449, "opportunity": 340, "role": 1097}}, {"model": "crm.opportunity", "pk": 339, "fields": {"opportunity_name": "BI project one"}}, {"model": "crm.opportunity", "pk": 340, "fields": {"opportunity_name": "Finance project two"}}, {"model": "campaign.campaign", "pk": 1, "fields": {"start": null, "end": null, "created": "2019-01-28T19:22:42.768Z", "modified": "2019-03-28T15:19:18.596Z", "name": "My SuperCampaign", "aggregate_activities": true, "subject": "{{ custom.title }}", "template": "{{ custom.greetings }}\r\n\r\n{% if not role %}\r\n{{ custom.body_roles }}\r\n{% for role in roles %}\r\n  - {{ role.name }} ({{ role.opportunity.opportunity_name }} Assignment ID {{ role.import_key }})\r\n{% endfor %}\r\n{% else %}\r\n{{ custom.body_role }}\r\n{% endif %}\r\n\r\n{{ custom.footer_desc }}\r\n\r\n{{ custom.footer_regards }}\r\n{{ custom.department }}", "html_template": "<!doctype html>\r\n<html>\r\n  <head>\r\n    <meta name=\"viewport\" content=\"width=device-width\">\r\n    <meta http-equiv=\"Content-Type\" content=\"text/html; charset=UTF-8\">\r\n    <title>{{ custom.title }}</title>\r\n    <style>\r\n    /* -------------------------------------\r\n        INLINED WITH htmlemail.io/inline\r\n    ------------------------------------- */\r\n    /* -------------------------------------\r\n        RESPONSIVE AND MOBILE FRIENDLY STYLES\r\n    ------------------------------------- */\r\n    @media only screen and (max-width: 620px) {\r\n      table[class=body] h1 {\r\n        font-size: 28px !important;\r\n        margin-bottom: 10px !important;\r\n      }\r\n      table[class=body] p,\r\n            table[class=body] ul,\r\n            table[class=body] ol,\r\n            table[class=body] td,\r\n            table[class=body] span,\r\n            table[class=body] a {\r\n        font-size: 16px !important;\r\n      }\r\n      table[class=body] .wrapper,\r\n            table[class=body] .article {\r\n        padding: 10px !important;\r\n      }\r\n      table[class=body] .content {\r\n        padding: 0 !important;\r\n      }\r\n      table[class=body] .container {\r\n        padding: 0 !important;\r\n        width: 100% !important;\r\n      }\r\n      table[class=body] .main {\r\n        border-left-width: 0 !important;\r\n        border-radius: 0 !important;\r\n        border-right-width: 0 !important;\r\n      }\r\n      table[class=body] .btn table {\r\n        width: 100% !important;\r\n      }\r\n      table[class=body] .btn a {\r\n        width: 100% !important;\r\n      }\r\n      table[class=body] .img-responsive {\r\n        height: auto !important;\r\n        max-width: 100% !important;\r\n        width: auto !important;\r\n      }\r\n    }\r\n    /* -------------------------------------\r\n        PRESERVE THESE STYLES IN THE HEAD\r\n    ------------------------------------- */\r\n    @media all {\r\n      .ExternalClass {\r\n        width: 100%;\r\n      }\r\n      .ExternalClass,\r\n            .ExternalClass p,\r\n            .ExternalClass span,\r\n            .ExternalClass font,\r\n            .ExternalClass td,\r\n            .ExternalClass div {\r\n        line-height: 100%;\r\n      }\r\n      .apple-link a {\r\n        color: inherit !important;\r\n        font-family: inherit !important;\r\n        font-size: inherit !important;\r\n        font-weight: inherit !important;\r\n        line-height: inherit !important;\r\n        text-decoration: none !important;\r\n      }\r\n      .btn-primary table td:hover {\r\n        background-color: #34495e !important;\r\n      }\r\n      .btn-primary a:hover {\r\n        background-color: #34495e !important;\r\n        border-color: #34495e !important;\r\n      }\r\n    }\r\n    </style>\r\n  </head>\r\n  <body class=\"\" style=\"background-color: #f6f6f6; font-family: sans-serif; -webkit-font-smoothing: antialiased; font-size: 14px; line-height: 1.4; margin: 0; padding: 0; -ms-text-size-adjust: 100%; -webkit-text-size-adjust: 100%;\">\r\n    <table border=\"0\" cellpadding=\"0\" cellspacing=\"0\" class=\"body\" style=\"border-collapse: separate; mso-table-lspace: 0pt; mso-table-rspace: 0pt; width: 100%; background-color: #f6f6f6;\">\r\n      <tr>\r\n        <td style=\"font-family: sans-serif; font-size: 14px; vertical-align: top;\">&nbsp;</td>\r\n        <td class=\"container\" style=\"font-family: sans-serif; font-size: 14px; vertical-align: top; display: block; Margin: 0 auto; max-width: 580px; padding: 10px; width: 580px;\">\r\n          <div class=\"content\" style=\"box-sizing: border-box; display: block; Margin: 0 auto; max-width: 580px; padding: 10px;\">\r\n\r\n            <!-- START CENTERED WHITE CONTAINER -->\r\n            <span class=\"preheader\" style=\"color: transparent; display: none; height: 0; max-height: 0; max-width: 0; opacity: 0; overflow: hidden; mso-hide: all; visibility: hidden; width: 0;\">{{ custom.preheader }}</span>\r\n            <table class=\"main\" style=\"border-collapse: separate; mso-table-lspace: 0pt; mso-table-rspace: 0pt; width: 100%; background: #ffffff; border-radius: 3px;\">\r\n\r\n              <!-- START MAIN CONTENT AREA -->\r\n              <tr>\r\n                <td class=\"wrapper\" style=\"font-family: sans-serif; font-size: 14px; vertical-align: top; box-sizing: border-box; padding: 20px;\">\r\n                  <table border=\"0\" cellpadding=\"0\" cellspacing=\"0\" style=\"border-collapse: separate; mso-table-lspace: 0pt; mso-table-rspace: 0pt; width: 100%;\">\r\n                    <tr>\r\n                      <td style=\"font-family: sans-serif; font-size: 14px; vertical-align: top;\">\r\n                        <p style=\"font-family: sans-serif; font-size: 14px; font-weight: normal; margin: 0; Margin-bottom: 15px;\">{{ custom.greetings }}</p>\r\n\r\n                        {% if not role %}\r\n                        <p style=\"font-family: sans-serif; font-size: 14px; font-weight: normal; margin: 0; Margin-bottom: 15px;\">{{ custom.body_roles }}</p>\r\n                        <ul>\r\n                          {% for r in roles %}\r\n                            <li>{{ r.name }} ({{ r.opportunity.opportunity_name }} Assignment ID {{ r.import_key }})</li>\r\n                         {% endfor %}\r\n                        </ul>\r\n                        {% else %}\r\n                          {{ custom.body_role }}\r\n                        {% endif %}\r\n\r\n                        <table border=\"0\" cellpadding=\"0\" cellspacing=\"0\" class=\"btn btn-primary\" style=\"border-collapse: separate; mso-table-lspace: 0pt; mso-table-rspace: 0pt; width: 100%; box-sizing: border-box;\">\r\n                          <tbody>\r\n                            <tr>\r\n                              <td align=\"left\" style=\"font-family: sans-serif; font-size: 14px; vertical-align: top; padding-bottom: 15px;\">\r\n                                <table border=\"0\" cellpadding=\"0\" cellspacing=\"0\" style=\"border-collapse: separate; mso-table-lspace: 0pt; mso-table-rspace: 0pt; width: auto;\">\r\n                                  <tbody>\r\n                                    <tr>\r\n                                      <td style=\"font-family: sans-serif; font-size: 14px; vertical-align: top; background-color: #3498db; border-radius: 5px; text-align: center;\"> <a href=\"{{ custom.action_url }}\" target=\"_blank\" style=\"display: inline-block; color: #ffffff; background-color: #3498db; border: solid 1px #3498db; border-radius: 5px; box-sizing: border-box; cursor: pointer; text-decoration: none; font-size: 14px; font-weight: bold; margin: 0; padding: 12px 25px; text-transform: capitalize; border-color: #3498db;\">{{ custom.action }}</a> </td>\r\n                                    </tr>\r\n                                  </tbody>\r\n                                </table>\r\n                              </td>\r\n                            </tr>\r\n                          </tbody>\r\n                        </table>\r\n                        <p style=\"font-family: sans-serif; font-size: 14px; font-weight: normal; margin: 0; Margin-bottom: 15px;\">{{ custom.footer_desc }}</p>\r\n                        <p style=\"font-family: sans-serif; font-size: 14px; font-weight: normal; margin: 0; Margin-bottom: 15px;\">{{ custom.footer_regards }}</p>\r\n                      </td>\r\n                    </tr>\r\n                  </table>\r\n                </td>\r\n              </tr>\r\n\r\n            <!-- END MAIN CONTENT AREA -->\r\n            </table>\r\n\r\n            <!-- START FOOTER -->\r\n            <div class=\"footer\" style=\"clear: both; Margin-top: 10px; text-align: center; width: 100%;\">\r\n              <table border=\"0\" cellpadding=\"0\" cellspacing=\"0\" style=\"border-collapse: separate; mso-table-lspace: 0pt; mso-table-rspace: 0pt; width: 100%;\">\r\n                <!--<tr>\r\n                  <td class=\"content-block\" style=\"font-family: sans-serif; vertical-align: top; padding-bottom: 10px; padding-top: 10px; font-size: 12px; color: #999999; text-align: center;\">\r\n                    <span class=\"apple-link\" style=\"color: #999999; font-size: 12px; text-align: center;\">Company Inc, 3 Abbey Road, San Francisco CA 94102</span>\r\n                    <br> Don't like these emails? <a href=\"http://i.imgur.com/CScmqnj.gif\" style=\"text-decoration: underline; color: #999999; font-size: 12px; text-align: center;\">Unsubscribe</a>.\r\n                  </td>\r\n                </tr>-->\r\n                <tr>\r\n                  <td class=\"content-block powered-by\" style=\"font-family: sans-serif; vertical-align: top; padding-bottom: 10px; padding-top: 10px; font-size: 12px; color: #999999; text-align: center;\">\r\n                    <a href=\"{{ custom.website }}\" style=\"color: #999999; font-size: 12px; text-align: center; text-decoration: none;\">{{ custom.department }}</a>.\r\n                  </td>\r\n                </tr>\r\n              </table>\r\n            </div>\r\n            <!-- END FOOTER -->\r\n\r\n          <!-- END CENTERED WHITE CONTAINER -->\r\n          </div>\r\n        </td>\r\n        <td style=\"font-family: sans-serif; font-size: 14px; vertical-align: top;\">&nbsp;</td>\r\n      </tr>\r\n    </table>\r\n  </body>\r\n</html>", "cc": []}}, {"model": "campaign.campaignattachment", "pk": 3, "fields": {"attachment": "CV_package_for_unittest.pdf", "campaign": 1}}, {"model": "campaign.campaignpredicate", "pk": 1, "fields": {"name": "New Contacts Only", "campaign": 1, "predicate_field": "contact__state", "predicate_condition": "__exact", "predicate_value": "new", "inverse": false, "active": false, "created": "2019-01-28T19:22:42.774Z", "modified": "2019-02-19T17:17:49.055Z"}}, {"model": "campaign.campaignpredicate", "pk": 2, "fields": {"name": "Primary Contacts Only", "campaign": 1, "predicate_field": "contact_role", "predicate_condition": "__exact", "predicate_value": "primary", "inverse": false, "active": false, "created": "2019-01-28T19:22:42.774Z", "modified": "2019-03-28T14:36:28.129Z"}}, {"model": "campaign.campaignproperty", "pk": 1, "fields": {"name": "title", "value": "Looking for new opportunities!", "comment": null, "campaign": 1}}, {"model": "campaign.campaignproperty", "pk": 2, "fields": {"name": "website", "value": "https://in.accenture.com/digital/", "comment": null, "campaign": 1}}, {"model": "campaign.campaignproperty", "pk": 3, "fields": {"name": "preheader", "value": "Some preheader", "comment": null, "campaign": 1}}, {"model": "campaign.campaignproperty", "pk": 4, "fields": {"name": "department", "value": "Data & Analytics Specialty, LATC", "comment": null, "campaign": 1}}, {"model": "campaign.campaignproperty", "pk": 5, "fields": {"name": "footer_regards", "value": "Best regards, Data & Analytics Specialty", "comment": null, "campaign": 1}}, {"model": "campaign.campaignproperty", "pk": 6, "fields": {"name": "footer_desc", "value": "We would like introduce our team members and offer something very interesting", "comment": null, "campaign": 1}}, {"model": "campaign.campaignproperty", "pk": 7, "fields": {"name": "action", "value": "Read more about D&A hub in LATC", "comment": null, "campaign": 1}}, {"model": "campaign.campaignproperty", "pk": 8, "fields": {"name": "action_url", "value": "https://latvia.accenture.lv/capabilities/digital/data-analytics", "comment": null, "campaign": 1}}, {"model": "campaign.campaignproperty", "pk": 9, "fields": {"name": "greetings", "value": "Hi {{ contact.full_name }},", "comment": null, "campaign": 1}}, {"model": "campaign.campaignproperty", "pk": 10, "fields": {"name": "body_roles", "value": "We would like to introduce you our best resources and teams for next roles:", "comment": null, "campaign": 1}}, {"model": "campaign.campaignproperty", "pk": 11, "fields": {"name": "body_role", "value": "We would like to introduce you our best resources and teams for role {{ role.name }} in {{ opportunity.opportunity_name}}.", "comment": null, "campaign": 1}}, {"model": "campaign.wave", "pk": 1, "fields": {"campaign": 1, "created": "2019-01-28T19:23:25.988Z"}}, {"model": "campaign.wave", "pk": 2, "fields": {"campaign": 1, "created": "2019-01-28T19:25:20.801Z"}}, {"model": "campaign.wave", "pk": 3, "fields": {"campaign": 1, "created": "2019-01-28T19:25:55.523Z"}}, {"model": "campaign.wave", "pk": 4, "fields": {"campaign": 1, "created": "2019-01-28T19:26:37.877Z"}}, {"model": "campaign.wave", "pk": 5, "fields": {"campaign": 1, "created": "2019-01-28T19:29:52.704Z"}}, {"model": "campaign.wave", "pk": 6, "fields": {"campaign": 1, "created": "2019-01-28T19:30:25.807Z"}}, {"model": "campaign.wave", "pk": 7, "fields": {"campaign": 1, "created": "2019-01-28T19:31:50.220Z"}}, {"model": "campaign.wave", "pk": 8, "fields": {"campaign": 1, "created": "2019-01-28T19:33:52.256Z"}}, {"model": "campaign.wave", "pk": 9, "fields": {"campaign": 1, "created": "2019-01-28T19:34:39.660Z"}}, {"model": "campaign.wave", "pk": 10, "fields": {"campaign": 1, "created": "2019-01-28T19:36:20.900Z"}}, {"model": "campaign.wave", "pk": 11, "fields": {"campaign": 1, "created": "2019-01-28T19:37:17.877Z"}}, {"model": "campaign.wave", "pk": 12, "fields": {"campaign": 1, "created": "2019-01-28T19:38:56.849Z"}}, {"model": "campaign.wave", "pk": 13, "fields": {"campaign": 1, "created": "2019-01-28T19:39:42.408Z"}}, {"model": "campaign.wave", "pk": 14, "fields": {"campaign": 1, "created": "2019-01-28T19:42:17.041Z"}}, {"model": "campaign.wave", "pk": 15, "fields": {"campaign": 1, "created": "2019-01-28T19:44:36.805Z"}}, {"model": "campaign.wave", "pk": 16, "fields": {"campaign": 1, "created": "2019-01-28T19:44:58.067Z"}}, {"model": "campaign.wave", "pk": 17, "fields": {"campaign": 1, "created": "2019-01-28T19:45:24.266Z"}}, {"model": "campaign.wave", "pk": 18, "fields": {"campaign": 1, "created": "2019-01-28T19:48:48.978Z"}}, {"model": "campaign.wave", "pk": 19, "fields": {"campaign": 1, "created": "2019-01-28T19:49:16.053Z"}}, {"model": "campaign.wave", "pk": 20, "fields": {"campaign": 1, "created": "2019-01-28T19:57:02.850Z"}}, {"model": "campaign.wave", "pk": 21, "fields": {"campaign": 1, "created": "2019-01-28T19:59:53.813Z"}}, {"model": "campaign.wave", "pk": 22, "fields": {"campaign": 1, "created": "2019-01-28T20:02:25.932Z"}}, {"model": "campaign.wave", "pk": 23, "fields": {"campaign": 1, "created": "2019-01-28T20:06:09.988Z"}}, {"model": "campaign.wave", "pk": 24, "fields": {"campaign": 1, "created": "2019-01-28T20:09:21.710Z"}}, {"model": "campaign.wave", "pk": 25, "fields": {"campaign": 1, "created": "2019-01-28T20:21:09.925Z"}}, {"model": "campaign.wave", "pk": 26, "fields": {"campaign": 1, "created": "2019-01-28T20:24:21.953Z"}}, {"model": "campaign.wave", "pk": 27, "fields": {"campaign": 1, "created": "2019-01-28T20:25:01.096Z"}}, {"model": "campaign.wave", "pk": 28, "fields": {"campaign": 1, "created": "2019-01-28T20:27:23.765Z"}}, {"model": "campaign.wave", "pk": 29, "fields": {"campaign": 1, "created": "2019-01-28T20:30:07.980Z"}}, {"model": "campaign.wave", "pk": 30, "fields": {"campaign": 1, "created": "2019-01-28T20:33:27.838Z"}}, {"model": "campaign.wave", "pk": 31, "fields": {"campaign": 1, "created": "2019-01-28T20:38:14.589Z"}}, {"model": "campaign.wave", "pk": 32, "fields": {"campaign": 1, "created": "2019-01-28T20:45:59.060Z"}}, {"model": "campaign.wave", "pk": 33, "fields": {"campaign": 1, "created": "2019-01-28T20:48:48.728Z"}}, {"model": "campaign.wave", "pk": 34, "fields": {"campaign": 1, "created": "2019-01-28T20:53:27.919Z"}}, {"model": "campaign.wave", "pk": 35, "fields": {"campaign": 1, "created": "2019-01-28T20:53:53.223Z"}}, {"model": "campaign.wave", "pk": 36, "fields": {"campaign": 1, "created": "2019-01-28T20:57:00.298Z"}}, {"model": "campaign.wave", "pk": 37, "fields": {"campaign": 1, "created": "2019-01-28T21:30:47.921Z"}}, {"model": "campaign.wave", "pk": 38, "fields": {"campaign": 1, "created": "2019-01-28T21:31:17.212Z"}}, {"model": "campaign.wave", "pk": 39, "fields": {"campaign": 1, "created": "2019-01-28T22:04:22.422Z"}}, {"model": "campaign.wave", "pk": 40, "fields": {"campaign": 1, "created": "2019-01-28T22:15:09.071Z"}}, {"model": "campaign.wave", "pk": 41, "fields": {"campaign": 1, "created": "2019-01-28T22:17:41.937Z"}}, {"model": "campaign.wave", "pk": 42, "fields": {"campaign": 1, "created": "2019-01-28T22:18:39.903Z"}}, {"model": "campaign.wave", "pk": 43, "fields": {"campaign": 1, "created": "2019-01-28T22:19:58.452Z"}}, {"model": "campaign.wave", "pk": 44, "fields": {"campaign": 1, "created": "2019-01-28T22:29:13.275Z"}}, {"model": "campaign.wave", "pk": 45, "fields": {"campaign": 1, "created": "2019-01-28T22:33:42.275Z"}}, {"model": "campaign.wave", "pk": 46, "fields": {"campaign": 1, "created": "2019-01-28T22:35:07.932Z"}}, {"model": "campaign.wave", "pk": 47, "fields": {"campaign": 1, "created": "2019-01-28T22:36:13.216Z"}}, {"model": "campaign.wave", "pk": 48, "fields": {"campaign": 1, "created": "2019-01-28T22:37:15.834Z"}}, {"model": "campaign.wave", "pk": 49, "fields": {"campaign": 1, "created": "2019-01-28T22:40:29.690Z"}}, {"model": "campaign.wave", "pk": 50, "fields": {"campaign": 1, "created": "2019-01-29T20:55:01.801Z"}}, {"model": "campaign.wave", "pk": 51, "fields": {"campaign": 1, "created": "2019-01-29T21:01:24.531Z"}}, {"model": "campaign.wave", "pk": 52, "fields": {"campaign": 1, "created": "2019-01-29T21:11:56.999Z"}}, {"model": "campaign.wave", "pk": 53, "fields": {"campaign": 1, "created": "2019-01-29T21:13:17.195Z"}}, {"model": "campaign.wave", "pk": 54, "fields": {"campaign": 1, "created": "2019-01-29T21:15:56.219Z"}}, {"model": "campaign.wave", "pk": 55, "fields": {"campaign": 1, "created": "2019-01-29T21:18:33.555Z"}}, {"model": "campaign.wave", "pk": 56, "fields": {"campaign": 1, "created": "2019-01-29T21:28:32.487Z"}}, {"model": "campaign.wave", "pk": 57, "fields": {"campaign": 1, "created": "2019-01-29T21:33:21.870Z"}}, {"model": "campaign.wave", "pk": 58, "fields": {"campaign": 1, "created": "2019-01-29T21:36:33.475Z"}}, {"model": "campaign.wave", "pk": 59, "fields": {"campaign": 1, "created": "2019-01-29T21:42:40.863Z"}}, {"model": "campaign.wave", "pk": 60, "fields": {"campaign": 1, "created": "2019-01-29T21:52:54.409Z"}}, {"model": "campaign.wave", "pk": 61, "fields": {"campaign": 1, "created": "2019-01-29T22:07:50.081Z"}}, {"model": "campaign.wave", "pk": 62, "fields": {"campaign": 1, "created": "2019-01-29T22:24:15.581Z"}}, {"model": "campaign.wave", "pk": 63, "fields": {"campaign": 1, "created": "2019-01-29T22:27:58.918Z"}}, {"model": "campaign.wave", "pk": 64, "fields": {"campaign": 1, "created": "2019-01-29T22:43:21.639Z"}}, {"model": "campaign.wave", "pk": 65, "fields": {"campaign": 1, "created": "2019-01-30T00:37:54.815Z"}}, {"model": "campaign.wave", "pk": 66, "fields": {"campaign": 1, "created": "2019-02-19T17:18:58.007Z"}}, {"model": "campaign.wave", "pk": 67, "fields": {"campaign": 1, "created": "2019-02-19T17:26:11.356Z"}}, {"model": "campaign.wave", "pk": 68, "fields": {"campaign": 1, "created": "2019-02-19T17:32:13.389Z"}}, {"model": "campaign.wave", "pk": 69, "fields": {"campaign": 1, "created": "2019-03-11T15:03:25.295Z"}}, {"model": "campaign.wave", "pk": 83, "fields": {"campaign": 1, "created": "2019-03-28T14:36:33.972Z"}}, {"model": "campaign.wave", "pk": 84, "fields": {"campaign": 1, "created": "2019-03-28T14:45:55.520Z"}}, {"model": "campaign.wave", "pk": 85, "fields": {"campaign": 1, "created": "2019-03-28T14:52:46.765Z"}}, {"model": "campaign.wave", "pk": 86, "fields": {"campaign": 1, "created": "2019-03-28T14:53:10.112Z"}}, {"model": "campaign.wave", "pk": 87, "fields": {"campaign": 1, "created": "2019-03-28T14:54:23.557Z"}}, {"model": "campaign.wave", "pk": 88, "fields": {"campaign": 1, "created": "2019-03-28T15:11:01.803Z"}}, {"model": "campaign.wave", "pk": 89, "fields": {"campaign": 1, "created": "2019-03-28T15:13:27.430Z"}}, {"model": "campaign.wave", "pk": 90, "fields": {"campaign": 1, "created": "2019-03-28T15:18:22.675Z"}}, {"model": "campaign.wave", "pk": 91, "fields": {"campaign": 1, "created": "2019-03-28T15:19:40.577Z"}}, {"model": "etl.etltask", "pk": 7, "fields": {"file": "tasks_2/2019-01-30/00.34/SKY_from_GD_20181022.csv", "created": "2019-01-30T00:34:37.357Z", "modified": "2019-01-30T00:34:37.357Z", "user": 2, "state": "new", "log": null}}, {"model": "etl.etltask", "pk": 8, "fields": {"file": "tasks_2/2019-03-09/16.57/FOR_BOT_MWE_Global_Demand_-_2019_02_25.csv", "created": "2019-03-09T16:57:49.897Z", "modified": "2019-03-09T16:57:49.897Z", "user": 2, "state": "new", "log": null}}, {"model": "etl.etltask", "pk": 9, "fields": {"file": "tasks_2/2019-03-19/08.18/Roles_SpamBot.csv", "created": "2019-03-19T08:18:14.146Z", "modified": "2019-03-19T08:18:14.146Z", "user": 2, "state": "new", "log": null}}, {"model": "etl.etltask", "pk": 10, "fields": {"file": "tasks_2/2019-03-20/08.25/Roles_SpamBot.csv", "created": "2019-03-20T08:25:27.456Z", "modified": "2019-03-20T08:25:27.456Z", "user": 2, "state": "new", "log": null}}, {"model": "etl.etltask", "pk": 11, "fields": {"file": "tasks_2/2019-03-20/08.40/Roles_SpamBot.csv", "created": "2019-03-20T08:40:31.947Z", "modified": "2019-03-20T08:40:31.947Z", "user": 2, "state": "new", "log": null}}, {"model": "etl.etltask", "pk": 12, "fields": {"file": "tasks_2/2019-03-20/10.44/Katrina_roles_19032019.csv", "created": "2019-03-20T10:44:45.653Z", "modified": "2019-03-20T10:45:22.572Z", "user": 2, "state": "new", "log": null}}, {"model": "etl.etltask", "pk": 13, "fields": {"file": "tasks_2/2019-03-20/10.48/Katrina_roles_19032019.csv", "created": "2019-03-20T10:48:39.625Z", "modified": "2019-03-20T10:48:39.625Z", "user": 2, "state": "new", "log": null}}, {"model": "etl.etltask", "pk": 14, "fields": {"file": "tasks_2/2019-03-20/13.19/Katrina_roles_19032019.csv", "created": "2019-03-20T13:19:22.739Z", "modified": "2019-03-20T13:19:22.739Z", "user": 2, "state": "new", "log": null}}, {"model": "etl.etltask", "pk": 15, "fields": {"file": "tasks_2/2019-03-28/14.31/test_data_spambot_2803.csv", "created": "2019-03-28T14:31:47.180Z", "modified": "2019-03-28T14:31:47.180Z", "user": 2, "state": "new", "log": null}}, {"model": "admin.logentry", "pk": 821, "fields": {"action_time": "2019-01-30T00:34:39.826Z", "user": 2, "content_type": 23, "object_id": "7", "object_repr": "EtlTask object (7)", "action_flag": 1, "change_message": "[{\"added\": {}}]"}}, {"model": "admin.logentry", "pk": 822, "fields": {"action_time": "2019-02-19T17:16:28.380Z", "user": 2, "content_type": 14, "object_id": "97", "object_repr": "Antons Antonenkovs", "action_flag": 1, "change_message": "[{\"added\": {}}]"}}, {"model": "admin.logentry", "pk": 823, "fields": {"action_time": "2019-02-19T17:16:35.358Z", "user": 2, "content_type": 14, "object_id": "97", "object_repr": "Antons Antonenkovs", "action_flag": 2, "change_message": "[{\"changed\": {\"fields\": [\"state\"]}}]"}}, {"model": "admin.logentry", "pk": 824, "fields": {"action_time": "2019-02-19T17:17:49.058Z", "user": 2, "content_type": 18, "object_id": "1", "object_repr": "My SuperCampaign", "action_flag": 2, "change_message": "[{\"changed\": {\"fields\": [\"cc\"]}}, {\"changed\": {\"name\": \"Trigger\", \"object\": \"<Predicate> New Contacts Only\", \"fields\": [\"active\"]}}, {\"deleted\": {\"name\": \"campaign post action\", \"object\": \"<Post Action> Make Contact as \\\"Active\\\"\"}}]"}}, {"model": "admin.logentry", "pk": 825, "fields": {"action_time": "2019-02-19T17:18:05.338Z", "user": 2, "content_type": 18, "object_id": "1", "object_repr": "My SuperCampaign", "action_flag": 2, "change_message": "[]"}}, {"model": "admin.logentry", "pk": 826, "fields": {"action_time": "2019-02-19T17:18:47.730Z", "user": 2, "content_type": 17, "object_id": "326", "object_repr": "done", "action_flag": 3, "change_message": ""}}, {"model": "admin.logentry", "pk": 827, "fields": {"action_time": "2019-02-19T17:26:05.370Z", "user": 2, "content_type": 17, "object_id": "327", "object_repr": "new", "action_flag": 3, "change_message": ""}}, {"model": "admin.logentry", "pk": 828, "fields": {"action_time": "2019-02-19T17:27:30.935Z", "user": 2, "content_type": 14, "object_id": "98", "object_repr": "Anastasija Mazurova", "action_flag": 1, "change_message": "[{\"added\": {}}]"}}, {"model": "admin.logentry", "pk": 829, "fields": {"action_time": "2019-02-19T17:27:59.760Z", "user": 2, "content_type": 17, "object_id": "328", "object_repr": "new", "action_flag": 2, "change_message": "[{\"changed\": {\"fields\": [\"contact\", \"body\", \"html_body\"]}}]"}}, {"model": "admin.logentry", "pk": 830, "fields": {"action_time": "2019-02-19T17:32:08.785Z", "user": 2, "content_type": 17, "object_id": "328", "object_repr": "done", "action_flag": 3, "change_message": ""}}, {"model": "admin.logentry", "pk": 831, "fields": {"action_time": "2019-02-19T17:32:28.148Z", "user": 2, "content_type": 17, "object_id": "329", "object_repr": "new", "action_flag": 2, "change_message": "[{\"changed\": {\"fields\": [\"contact\", \"body\", \"html_body\"]}}]"}}, {"model": "admin.logentry", "pk": 832, "fields": {"action_time": "2019-03-09T16:57:57.028Z", "user": 2, "content_type": 23, "object_id": "8", "object_repr": "EtlTask object (8)", "action_flag": 1, "change_message": "[{\"added\": {}}]"}}, {"model": "admin.logentry", "pk": 833, "fields": {"action_time": "2019-03-11T15:04:42.348Z", "user": 2, "content_type": 14, "object_id": "311", "object_repr": "Marina Olina", "action_flag": 1, "change_message": "[{\"added\": {}}]"}}, {"model": "admin.logentry", "pk": 834, "fields": {"action_time": "2019-03-11T15:05:37.856Z", "user": 2, "content_type": 17, "object_id": "330", "object_repr": "new", "action_flag": 2, "change_message": "[{\"changed\": {\"fields\": [\"contact\", \"other_contacts\", \"body\", \"html_body\"]}}]"}}, {"model": "admin.logentry", "pk": 835, "fields": {"action_time": "2019-03-19T08:03:24.588Z", "user": 2, "content_type": 14, "object_id": "311", "object_repr": "Marina Olina", "action_flag": 3, "change_message": ""}}, {"model": "admin.logentry", "pk": 836, "fields": {"action_time": "2019-03-19T08:03:24.603Z", "user": 2, "content_type": 14, "object_id": "310", "object_repr": "ali mehdi", "action_flag": 3, "change_message": ""}}, {"model": "admin.logentry", "pk": 837, "fields": {"action_time": "2019-03-19T08:03:24.611Z", "user": 2, "content_type": 14, "object_id": "309", "object_repr": "amit chander gupta", "action_flag": 3, "change_message": ""}}, {"model": "admin.logentry", "pk": 838, "fields": {"action_time": "2019-03-19T08:03:24.619Z", "user": 2, "content_type": 14, "object_id": "308", "object_repr": "slawomir sniezynski", "action_flag": 3, "change_message": ""}}, {"model": "admin.logentry", "pk": 839, "fields": {"action_time": "2019-03-19T08:03:24.628Z", "user": 2, "content_type": 14, "object_id": "307", "object_repr": "tobias a hartmann", "action_flag": 3, "change_message": ""}}, {"model": "admin.logentry", "pk": 840, "fields": {"action_time": "2019-03-19T08:03:24.636Z", "user": 2, "content_type": 14, "object_id": "306", "object_repr": "sven rogalla", "action_flag": 3, "change_message": ""}}, {"model": "admin.logentry", "pk": 841, "fields": {"action_time": "2019-03-19T08:03:24.646Z", "user": 2, "content_type": 14, "object_id": "305", "object_repr": "sulabh agarwal", "action_flag": 3, "change_message": ""}}, {"model": "admin.logentry", "pk": 842, "fields": {"action_time": "2019-03-19T08:03:24.655Z", "user": 2, "content_type": 14, "object_id": "304", "object_repr": "danilo de oliveira", "action_flag": 3, "change_message": ""}}, {"model": "admin.logentry", "pk": 843, "fields": {"action_time": "2019-03-19T08:03:24.664Z", "user": 2, "content_type": 14, "object_id": "303", "object_repr": "maria r arena", "action_flag": 3, "change_message": ""}}, {"model": "admin.logentry", "pk": 844, "fields": {"action_time": "2019-03-19T08:03:24.672Z", "user": 2, "content_type": 14, "object_id": "302", "object_repr": "m gatti", "action_flag": 3, "change_message": ""}}, {"model": "admin.logentry", "pk": 845, "fields": {"action_time": "2019-03-19T08:03:24.680Z", "user": 2, "content_type": 14, "object_id": "301", "object_repr": "mattias gyllerup", "action_flag": 3, "change_message": ""}}, {"model": "admin.logentry", "pk": 846, "fields": {"action_time": "2019-03-19T08:03:24.686Z", "user": 2, "content_type": 14, "object_id": "300", "object_repr": "jibin kuriakose", "action_flag": 3, "change_message": ""}}, {"model": "admin.logentry", "pk": 847, "fields": {"action_time": "2019-03-19T08:03:24.694Z", "user": 2, "content_type": 14, "object_id": "299", "object_repr": "javier heras grimalt", "action_flag": 3, "change_message": ""}}, {"model": "admin.logentry", "pk": 848, "fields": {"action_time": "2019-03-19T08:03:24.702Z", "user": 2, "content_type": 14, "object_id": "298", "object_repr": "david lopez", "action_flag": 3, "change_message": ""}}, {"model": "admin.logentry", "pk": 849, "fields": {"action_time": "2019-03-19T08:03:24.710Z", "user": 2, "content_type": 14, "object_id": "297", "object_repr": "gary dodd", "action_flag": 3, "change_message": ""}}, {"model": "admin.logentry", "pk": 850, "fields": {"action_time": "2019-03-19T08:03:24.718Z", "user": 2, "content_type": 14, "object_id": "296", "object_repr": "iain ramsay", "action_flag": 3, "change_message": ""}}, {"model": "admin.logentry", "pk": 851, "fields": {"action_time": "2019-03-19T08:03:24.731Z", "user": 2, "content_type": 14, "object_id": "295", "object_repr": "susi munoz zea", "action_flag": 3, "change_message": ""}}, {"model": "admin.logentry", "pk": 852, "fields": {"action_time": "2019-03-19T08:03:24.740Z", "user": 2, "content_type": 14, "object_id": "294", "object_repr": "richard g dolby", "action_flag": 3, "change_message": ""}}, {"model": "admin.logentry", "pk": 853, "fields": {"action_time": "2019-03-19T08:03:24.749Z", "user": 2, "content_type": 14, "object_id": "293", "object_repr": "augusto gugliotta", "action_flag": 3, "change_message": ""}}, {"model": "admin.logentry", "pk": 854, "fields": {"action_time": "2019-03-19T08:03:24.757Z", "user": 2, "content_type": 14, "object_id": "292", "object_repr": "christian b mueller", "action_flag": 3, "change_message": ""}}, {"model": "admin.logentry", "pk": 855, "fields": {"action_time": "2019-03-19T08:03:24.767Z", "user": 2, "content_type": 14, "object_id": "291", "object_repr": "antonio de la prieta", "action_flag": 3, "change_message": ""}}, {"model": "admin.logentry", "pk": 856, "fields": {"action_time": "2019-03-19T08:03:24.776Z", "user": 2, "content_type": 14, "object_id": "290", "object_repr": "e g la fuente munoz", "action_flag": 3, "change_message": ""}}, {"model": "admin.logentry", "pk": 857, "fields": {"action_time": "2019-03-19T08:03:24.785Z", "user": 2, "content_type": 14, "object_id": "289", "object_repr": "f polo martinez", "action_flag": 3, "change_message": ""}}, {"model": "admin.logentry", "pk": 858, "fields": {"action_time": "2019-03-19T08:03:24.794Z", "user": 2, "content_type": 14, "object_id": "288", "object_repr": "elena almoguera", "action_flag": 3, "change_message": ""}}, {"model": "admin.logentry", "pk": 859, "fields": {"action_time": "2019-03-19T08:03:24.801Z", "user": 2, "content_type": 14, "object_id": "287", "object_repr": "andrea terreno", "action_flag": 3, "change_message": ""}}, {"model": "admin.logentry", "pk": 860, "fields": {"action_time": "2019-03-19T08:03:24.808Z", "user": 2, "content_type": 14, "object_id": "286", "object_repr": "christien kh gay", "action_flag": 3, "change_message": ""}}, {"model": "admin.logentry", "pk": 861, "fields": {"action_time": "2019-03-19T08:03:24.816Z", "user": 2, "content_type": 14, "object_id": "285", "object_repr": "j velazquez espinosa", "action_flag": 3, "change_message": ""}}, {"model": "admin.logentry", "pk": 862, "fields": {"action_time": "2019-03-19T08:03:24.823Z", "user": 2, "content_type": 14, "object_id": "284", "object_repr": "bill cheung", "action_flag": 3, "change_message": ""}}, {"model": "admin.logentry", "pk": 863, "fields": {"action_time": "2019-03-19T08:03:24.854Z", "user": 2, "content_type": 14, "object_id": "283", "object_repr": "alfonso boccia", "action_flag": 3, "change_message": ""}}, {"model": "admin.logentry", "pk": 864, "fields": {"action_time": "2019-03-19T08:03:24.862Z", "user": 2, "content_type": 14, "object_id": "282", "object_repr": "matteo muggianu", "action_flag": 3, "change_message": ""}}, {"model": "admin.logentry", "pk": 865, "fields": {"action_time": "2019-03-19T08:03:24.869Z", "user": 2, "content_type": 14, "object_id": "281", "object_repr": "marta alvarez ortiz", "action_flag": 3, "change_message": ""}}, {"model": "admin.logentry", "pk": 866, "fields": {"action_time": "2019-03-19T08:03:24.876Z", "user": 2, "content_type": 14, "object_id": "280", "object_repr": "christoph peter leva", "action_flag": 3, "change_message": ""}}, {"model": "admin.logentry", "pk": 867, "fields": {"action_time": "2019-03-19T08:03:24.884Z", "user": 2, "content_type": 14, "object_id": "279", "object_repr": "thomas kerpen", "action_flag": 3, "change_message": ""}}, {"model": "admin.logentry", "pk": 868, "fields": {"action_time": "2019-03-19T08:03:24.892Z", "user": 2, "content_type": 14, "object_id": "278", "object_repr": "francisco m baeck", "action_flag": 3, "change_message": ""}}, {"model": "admin.logentry", "pk": 869, "fields": {"action_time": "2019-03-19T08:03:24.900Z", "user": 2, "content_type": 14, "object_id": "277", "object_repr": "stephen tsang", "action_flag": 3, "change_message": ""}}, {"model": "admin.logentry", "pk": 870, "fields": {"action_time": "2019-03-19T08:03:24.907Z", "user": 2, "content_type": 14, "object_id": "276", "object_repr": "s waldenburger", "action_flag": 3, "change_message": ""}}, {"model": "admin.logentry", "pk": 871, "fields": {"action_time": "2019-03-19T08:03:24.917Z", "user": 2, "content_type": 14, "object_id": "275", "object_repr": "maciej skowronski", "action_flag": 3, "change_message": ""}}, {"model": "admin.logentry", "pk": 872, "fields": {"action_time": "2019-03-19T08:03:24.925Z", "user": 2, "content_type": 14, "object_id": "274", "object_repr": "joanna bigaj", "action_flag": 3, "change_message": ""}}, {"model": "admin.logentry", "pk": 873, "fields": {"action_time": "2019-03-19T08:03:24.933Z", "user": 2, "content_type": 14, "object_id": "273", "object_repr": "mariusz sej", "action_flag": 3, "change_message": ""}}, {"model": "admin.logentry", "pk": 874, "fields": {"action_time": "2019-03-19T08:03:24.940Z", "user": 2, "content_type": 14, "object_id": "272", "object_repr": "mikko virta", "action_flag": 3, "change_message": ""}}, {"model": "admin.logentry", "pk": 875, "fields": {"action_time": "2019-03-19T08:03:24.949Z", "user": 2, "content_type": 14, "object_id": "271", "object_repr": "dominic murphy", "action_flag": 3, "change_message": ""}}, {"model": "admin.logentry", "pk": 876, "fields": {"action_time": "2019-03-19T08:03:24.956Z", "user": 2, "content_type": 14, "object_id": "270", "object_repr": "d chow", "action_flag": 3, "change_message": ""}}, {"model": "admin.logentry", "pk": 877, "fields": {"action_time": "2019-03-19T08:03:24.963Z", "user": 2, "content_type": 14, "object_id": "269", "object_repr": "lukas kuhn", "action_flag": 3, "change_message": ""}}, {"model": "admin.logentry", "pk": 878, "fields": {"action_time": "2019-03-19T08:03:24.970Z", "user": 2, "content_type": 14, "object_id": "268", "object_repr": "nuria sabate franch", "action_flag": 3, "change_message": ""}}, {"model": "admin.logentry", "pk": 879, "fields": {"action_time": "2019-03-19T08:03:24.979Z", "user": 2, "content_type": 14, "object_id": "267", "object_repr": "anna de llorens", "action_flag": 3, "change_message": ""}}, {"model": "admin.logentry", "pk": 880, "fields": {"action_time": "2019-03-19T08:03:24.987Z", "user": 2, "content_type": 14, "object_id": "266", "object_repr": "sergio hidalgo", "action_flag": 3, "change_message": ""}}, {"model": "admin.logentry", "pk": 881, "fields": {"action_time": "2019-03-19T08:03:24.995Z", "user": 2, "content_type": 14, "object_id": "265", "object_repr": "j puertas cue", "action_flag": 3, "change_message": ""}}, {"model": "admin.logentry", "pk": 882, "fields": {"action_time": "2019-03-19T08:03:25.001Z", "user": 2, "content_type": 14, "object_id": "264", "object_repr": "daniel ochoa", "action_flag": 3, "change_message": ""}}, {"model": "admin.logentry", "pk": 883, "fields": {"action_time": "2019-03-19T08:03:25.009Z", "user": 2, "content_type": 14, "object_id": "263", "object_repr": "jessica dean", "action_flag": 3, "change_message": ""}}, {"model": "admin.logentry", "pk": 884, "fields": {"action_time": "2019-03-19T08:03:25.017Z", "user": 2, "content_type": 14, "object_id": "262", "object_repr": "lee a peterson", "action_flag": 3, "change_message": ""}}, {"model": "admin.logentry", "pk": 885, "fields": {"action_time": "2019-03-19T08:03:25.024Z", "user": 2, "content_type": 14, "object_id": "261", "object_repr": "roisin p feeney", "action_flag": 3, "change_message": ""}}, {"model": "admin.logentry", "pk": 886, "fields": {"action_time": "2019-03-19T08:03:25.031Z", "user": 2, "content_type": 14, "object_id": "260", "object_repr": "murat kuden", "action_flag": 3, "change_message": ""}}, {"model": "admin.logentry", "pk": 887, "fields": {"action_time": "2019-03-19T08:03:25.039Z", "user": 2, "content_type": 14, "object_id": "259", "object_repr": "jomin kanniyakonil", "action_flag": 3, "change_message": ""}}, {"model": "admin.logentry", "pk": 888, "fields": {"action_time": "2019-03-19T08:03:25.048Z", "user": 2, "content_type": 14, "object_id": "258", "object_repr": "caitriona sheehan", "action_flag": 3, "change_message": ""}}, {"model": "admin.logentry", "pk": 889, "fields": {"action_time": "2019-03-19T08:03:25.055Z", "user": 2, "content_type": 14, "object_id": "257", "object_repr": "david pascual", "action_flag": 3, "change_message": ""}}, {"model": "admin.logentry", "pk": 890, "fields": {"action_time": "2019-03-19T08:03:25.062Z", "user": 2, "content_type": 14, "object_id": "256", "object_repr": "r barba villanueva", "action_flag": 3, "change_message": ""}}, {"model": "admin.logentry", "pk": 891, "fields": {"action_time": "2019-03-19T08:03:25.070Z", "user": 2, "content_type": 14, "object_id": "255", "object_repr": "kevin brungardt", "action_flag": 3, "change_message": ""}}, {"model": "admin.logentry", "pk": 892, "fields": {"action_time": "2019-03-19T08:03:25.078Z", "user": 2, "content_type": 14, "object_id": "254", "object_repr": "izabela golos", "action_flag": 3, "change_message": ""}}, {"model": "admin.logentry", "pk": 893, "fields": {"action_time": "2019-03-19T08:03:25.085Z", "user": 2, "content_type": 14, "object_id": "253", "object_repr": "emanuele mariani", "action_flag": 3, "change_message": ""}}, {"model": "admin.logentry", "pk": 894, "fields": {"action_time": "2019-03-19T08:03:25.092Z", "user": 2, "content_type": 14, "object_id": "252", "object_repr": "katharina gies", "action_flag": 3, "change_message": ""}}, {"model": "admin.logentry", "pk": 895, "fields": {"action_time": "2019-03-19T08:03:25.100Z", "user": 2, "content_type": 14, "object_id": "251", "object_repr": "roy kronester", "action_flag": 3, "change_message": ""}}, {"model": "admin.logentry", "pk": 896, "fields": {"action_time": "2019-03-19T08:03:25.108Z", "user": 2, "content_type": 14, "object_id": "250", "object_repr": "selvaraj neelakandan", "action_flag": 3, "change_message": ""}}, {"model": "admin.logentry", "pk": 897, "fields": {"action_time": "2019-03-19T08:03:25.116Z", "user": 2, "content_type": 14, "object_id": "249", "object_repr": "chitesh kumar", "action_flag": 3, "change_message": ""}}, {"model": "admin.logentry", "pk": 898, "fields": {"action_time": "2019-03-19T08:03:25.123Z", "user": 2, "content_type": 14, "object_id": "248", "object_repr": "raul enjuto", "action_flag": 3, "change_message": ""}}, {"model": "admin.logentry", "pk": 899, "fields": {"action_time": "2019-03-19T08:03:25.130Z", "user": 2, "content_type": 14, "object_id": "247", "object_repr": "c fernandez-piedra", "action_flag": 3, "change_message": ""}}, {"model": "admin.logentry", "pk": 900, "fields": {"action_time": "2019-03-19T08:03:25.137Z", "user": 2, "content_type": 14, "object_id": "246", "object_repr": "steven temme", "action_flag": 3, "change_message": ""}}, {"model": "admin.logentry", "pk": 901, "fields": {"action_time": "2019-03-19T08:03:25.144Z", "user": 2, "content_type": 14, "object_id": "245", "object_repr": "jessica smits", "action_flag": 3, "change_message": ""}}, {"model": "admin.logentry", "pk": 902, "fields": {"action_time": "2019-03-19T08:03:25.151Z", "user": 2, "content_type": 14, "object_id": "244", "object_repr": "niko mix", "action_flag": 3, "change_message": ""}}, {"model": "admin.logentry", "pk": 903, "fields": {"action_time": "2019-03-19T08:03:25.158Z", "user": 2, "content_type": 14, "object_id": "243", "object_repr": "m zaninotto", "action_flag": 3, "change_message": ""}}, {"model": "admin.logentry", "pk": 904, "fields": {"action_time": "2019-03-19T08:03:25.167Z", "user": 2, "content_type": 14, "object_id": "242", "object_repr": "stefano mangioni", "action_flag": 3, "change_message": ""}}, {"model": "admin.logentry", "pk": 905, "fields": {"action_time": "2019-03-19T08:03:25.204Z", "user": 2, "content_type": 14, "object_id": "241", "object_repr": "sean chin", "action_flag": 3, "change_message": ""}}, {"model": "admin.logentry", "pk": 906, "fields": {"action_time": "2019-03-19T08:03:25.212Z", "user": 2, "content_type": 14, "object_id": "240", "object_repr": "guillermo herrero", "action_flag": 3, "change_message": ""}}, {"model": "admin.logentry", "pk": 907, "fields": {"action_time": "2019-03-19T08:03:25.220Z", "user": 2, "content_type": 14, "object_id": "239", "object_repr": "maria venardi", "action_flag": 3, "change_message": ""}}, {"model": "admin.logentry", "pk": 908, "fields": {"action_time": "2019-03-19T08:03:25.227Z", "user": 2, "content_type": 14, "object_id": "238", "object_repr": "georgios migos", "action_flag": 3, "change_message": ""}}, {"model": "admin.logentry", "pk": 909, "fields": {"action_time": "2019-03-19T08:03:25.235Z", "user": 2, "content_type": 14, "object_id": "237", "object_repr": "irina radu", "action_flag": 3, "change_message": ""}}, {"model": "admin.logentry", "pk": 910, "fields": {"action_time": "2019-03-19T08:03:25.243Z", "user": 2, "content_type": 14, "object_id": "236", "object_repr": "riccardo gregori", "action_flag": 3, "change_message": ""}}, {"model": "admin.logentry", "pk": 911, "fields": {"action_time": "2019-03-19T08:03:25.251Z", "user": 2, "content_type": 14, "object_id": "235", "object_repr": "tom westerlind", "action_flag": 3, "change_message": ""}}, {"model": "admin.logentry", "pk": 912, "fields": {"action_time": "2019-03-19T08:03:25.258Z", "user": 2, "content_type": 14, "object_id": "234", "object_repr": "philip jungstedt", "action_flag": 3, "change_message": ""}}, {"model": "admin.logentry", "pk": 913, "fields": {"action_time": "2019-03-19T08:03:25.266Z", "user": 2, "content_type": 14, "object_id": "233", "object_repr": "stephan schmitt", "action_flag": 3, "change_message": ""}}, {"model": "admin.logentry", "pk": 914, "fields": {"action_time": "2019-03-19T08:03:25.279Z", "user": 2, "content_type": 14, "object_id": "232", "object_repr": "giuseppe cattafi", "action_flag": 3, "change_message": ""}}, {"model": "admin.logentry", "pk": 915, "fields": {"action_time": "2019-03-19T08:03:25.286Z", "user": 2, "content_type": 14, "object_id": "231", "object_repr": "alberto casu", "action_flag": 3, "change_message": ""}}, {"model": "admin.logentry", "pk": 916, "fields": {"action_time": "2019-03-19T08:03:25.294Z", "user": 2, "content_type": 14, "object_id": "230", "object_repr": "jochen malinowski", "action_flag": 3, "change_message": ""}}, {"model": "admin.logentry", "pk": 917, "fields": {"action_time": "2019-03-19T08:03:25.301Z", "user": 2, "content_type": 14, "object_id": "229", "object_repr": "felix jaeger", "action_flag": 3, "change_message": ""}}, {"model": "admin.logentry", "pk": 918, "fields": {"action_time": "2019-03-19T08:03:25.307Z", "user": 2, "content_type": 14, "object_id": "228", "object_repr": "adam wdowczyk", "action_flag": 3, "change_message": ""}}, {"model": "admin.logentry", "pk": 919, "fields": {"action_time": "2019-03-19T08:03:25.316Z", "user": 2, "content_type": 14, "object_id": "227", "object_repr": "dagmara krchnava", "action_flag": 3, "change_message": ""}}, {"model": "admin.logentry", "pk": 920, "fields": {"action_time": "2019-03-19T08:03:25.323Z", "user": 2, "content_type": 14, "object_id": "226", "object_repr": "srividya veeramani", "action_flag": 3, "change_message": ""}}, {"model": "admin.logentry", "pk": 921, "fields": {"action_time": "2019-03-19T08:03:25.330Z", "user": 2, "content_type": 14, "object_id": "225", "object_repr": "fred downing", "action_flag": 3, "change_message": ""}}, {"model": "admin.logentry", "pk": 922, "fields": {"action_time": "2019-03-19T08:03:25.337Z", "user": 2, "content_type": 14, "object_id": "224", "object_repr": "manuel mccrumlish", "action_flag": 3, "change_message": ""}}, {"model": "admin.logentry", "pk": 923, "fields": {"action_time": "2019-03-19T08:03:25.344Z", "user": 2, "content_type": 14, "object_id": "223", "object_repr": "jose ramon nieto", "action_flag": 3, "change_message": ""}}, {"model": "admin.logentry", "pk": 924, "fields": {"action_time": "2019-03-19T08:03:25.351Z", "user": 2, "content_type": 14, "object_id": "222", "object_repr": "kevin bonnaud", "action_flag": 3, "change_message": ""}}, {"model": "admin.logentry", "pk": 925, "fields": {"action_time": "2019-03-19T08:03:25.357Z", "user": 2, "content_type": 14, "object_id": "221", "object_repr": "florian traber", "action_flag": 3, "change_message": ""}}, {"model": "admin.logentry", "pk": 926, "fields": {"action_time": "2019-03-19T08:03:25.364Z", "user": 2, "content_type": 14, "object_id": "220", "object_repr": "sean p mccormack", "action_flag": 3, "change_message": ""}}, {"model": "admin.logentry", "pk": 927, "fields": {"action_time": "2019-03-19T08:03:25.371Z", "user": 2, "content_type": 14, "object_id": "219", "object_repr": "michael s mccarthy", "action_flag": 3, "change_message": ""}}, {"model": "admin.logentry", "pk": 928, "fields": {"action_time": "2019-03-19T08:03:25.379Z", "user": 2, "content_type": 14, "object_id": "218", "object_repr": "lennert wolfs", "action_flag": 3, "change_message": ""}}, {"model": "admin.logentry", "pk": 929, "fields": {"action_time": "2019-03-19T08:03:25.388Z", "user": 2, "content_type": 14, "object_id": "217", "object_repr": "javier rodriguez est", "action_flag": 3, "change_message": ""}}, {"model": "admin.logentry", "pk": 930, "fields": {"action_time": "2019-03-19T08:03:25.396Z", "user": 2, "content_type": 14, "object_id": "216", "object_repr": "a ortiz cercos", "action_flag": 3, "change_message": ""}}, {"model": "admin.logentry", "pk": 931, "fields": {"action_time": "2019-03-19T08:03:25.404Z", "user": 2, "content_type": 14, "object_id": "215", "object_repr": "sergi calvet", "action_flag": 3, "change_message": ""}}, {"model": "admin.logentry", "pk": 932, "fields": {"action_time": "2019-03-19T08:03:25.413Z", "user": 2, "content_type": 14, "object_id": "214", "object_repr": "j quesada molero", "action_flag": 3, "change_message": ""}}, {"model": "admin.logentry", "pk": 933, "fields": {"action_time": "2019-03-19T08:03:25.421Z", "user": 2, "content_type": 14, "object_id": "213", "object_repr": "ted cremin", "action_flag": 3, "change_message": ""}}, {"model": "admin.logentry", "pk": 934, "fields": {"action_time": "2019-03-19T08:03:25.428Z", "user": 2, "content_type": 14, "object_id": "212", "object_repr": "rajan jalaja", "action_flag": 3, "change_message": ""}}, {"model": "admin.logentry", "pk": 935, "fields": {"action_time": "2019-03-19T08:03:25.436Z", "user": 2, "content_type": 14, "object_id": "211", "object_repr": "nicky espanol", "action_flag": 3, "change_message": ""}}, {"model": "admin.logentry", "pk": 936, "fields": {"action_time": "2019-03-19T08:03:25.445Z", "user": 2, "content_type": 14, "object_id": "210", "object_repr": "shirley xy lim", "action_flag": 3, "change_message": ""}}, {"model": "admin.logentry", "pk": 937, "fields": {"action_time": "2019-03-19T08:03:25.454Z", "user": 2, "content_type": 14, "object_id": "209", "object_repr": "beatrix ertsey", "action_flag": 3, "change_message": ""}}, {"model": "admin.logentry", "pk": 938, "fields": {"action_time": "2019-03-19T08:03:25.462Z", "user": 2, "content_type": 14, "object_id": "208", "object_repr": "johnson lam", "action_flag": 3, "change_message": ""}}, {"model": "admin.logentry", "pk": 939, "fields": {"action_time": "2019-03-19T08:03:25.471Z", "user": 2, "content_type": 14, "object_id": "207", "object_repr": "john jason damian", "action_flag": 3, "change_message": ""}}, {"model": "admin.logentry", "pk": 940, "fields": {"action_time": "2019-03-19T08:03:25.478Z", "user": 2, "content_type": 14, "object_id": "206", "object_repr": "patrick vantillard", "action_flag": 3, "change_message": ""}}, {"model": "admin.logentry", "pk": 941, "fields": {"action_time": "2019-03-19T08:03:25.486Z", "user": 2, "content_type": 14, "object_id": "205", "object_repr": "agamemnon kakanelis", "action_flag": 3, "change_message": ""}}, {"model": "admin.logentry", "pk": 942, "fields": {"action_time": "2019-03-19T08:03:25.494Z", "user": 2, "content_type": 14, "object_id": "204", "object_repr": "maria oikonomou", "action_flag": 3, "change_message": ""}}, {"model": "admin.logentry", "pk": 943, "fields": {"action_time": "2019-03-19T08:03:25.502Z", "user": 2, "content_type": 14, "object_id": "203", "object_repr": "apurva p pithwa", "action_flag": 3, "change_message": ""}}, {"model": "admin.logentry", "pk": 944, "fields": {"action_time": "2019-03-19T08:03:25.510Z", "user": 2, "content_type": 14, "object_id": "202", "object_repr": "rahul dubey", "action_flag": 3, "change_message": ""}}, {"model": "admin.logentry", "pk": 945, "fields": {"action_time": "2019-03-19T08:03:25.519Z", "user": 2, "content_type": 14, "object_id": "201", "object_repr": "ashok suthar", "action_flag": 3, "change_message": ""}}, {"model": "admin.logentry", "pk": 946, "fields": {"action_time": "2019-03-19T08:03:25.528Z", "user": 2, "content_type": 14, "object_id": "200", "object_repr": "nicola tassan", "action_flag": 3, "change_message": ""}}, {"model": "admin.logentry", "pk": 947, "fields": {"action_time": "2019-03-19T08:03:25.536Z", "user": 2, "content_type": 14, "object_id": "199", "object_repr": "moreno guglielmucci", "action_flag": 3, "change_message": ""}}, {"model": "admin.logentry", "pk": 948, "fields": {"action_time": "2019-03-19T08:03:25.544Z", "user": 2, "content_type": 14, "object_id": "198", "object_repr": "sergio davide gaio", "action_flag": 3, "change_message": ""}}, {"model": "admin.logentry", "pk": 949, "fields": {"action_time": "2019-03-19T08:03:25.552Z", "user": 2, "content_type": 14, "object_id": "197", "object_repr": "sandra palacios", "action_flag": 3, "change_message": ""}}, {"model": "admin.logentry", "pk": 950, "fields": {"action_time": "2019-03-19T08:03:25.560Z", "user": 2, "content_type": 14, "object_id": "196", "object_repr": "marcos rasche", "action_flag": 3, "change_message": ""}}, {"model": "admin.logentry", "pk": 951, "fields": {"action_time": "2019-03-19T08:03:25.567Z", "user": 2, "content_type": 14, "object_id": "195", "object_repr": "david hedges", "action_flag": 3, "change_message": ""}}, {"model": "admin.logentry", "pk": 952, "fields": {"action_time": "2019-03-19T08:03:25.576Z", "user": 2, "content_type": 14, "object_id": "194", "object_repr": "taddy oulai", "action_flag": 3, "change_message": ""}}, {"model": "admin.logentry", "pk": 953, "fields": {"action_time": "2019-03-19T08:03:25.584Z", "user": 2, "content_type": 14, "object_id": "193", "object_repr": "luca scrivano", "action_flag": 3, "change_message": ""}}, {"model": "admin.logentry", "pk": 954, "fields": {"action_time": "2019-03-19T08:03:25.594Z", "user": 2, "content_type": 14, "object_id": "192", "object_repr": "gabriel martin", "action_flag": 3, "change_message": ""}}, {"model": "admin.logentry", "pk": 955, "fields": {"action_time": "2019-03-19T08:03:25.601Z", "user": 2, "content_type": 14, "object_id": "191", "object_repr": "cristina munoz v", "action_flag": 3, "change_message": ""}}, {"model": "admin.logentry", "pk": 956, "fields": {"action_time": "2019-03-19T08:03:25.609Z", "user": 2, "content_type": 14, "object_id": "190", "object_repr": "soufiane keli", "action_flag": 3, "change_message": ""}}, {"model": "admin.logentry", "pk": 957, "fields": {"action_time": "2019-03-19T08:03:25.617Z", "user": 2, "content_type": 14, "object_id": "189", "object_repr": "p dygdon", "action_flag": 3, "change_message": ""}}, {"model": "admin.logentry", "pk": 958, "fields": {"action_time": "2019-03-19T08:03:25.626Z", "user": 2, "content_type": 14, "object_id": "188", "object_repr": "nicholas jeffries", "action_flag": 3, "change_message": ""}}, {"model": "admin.logentry", "pk": 959, "fields": {"action_time": "2019-03-19T08:03:25.634Z", "user": 2, "content_type": 14, "object_id": "187", "object_repr": "c heng", "action_flag": 3, "change_message": ""}}, {"model": "admin.logentry", "pk": 960, "fields": {"action_time": "2019-03-19T08:03:25.642Z", "user": 2, "content_type": 14, "object_id": "186", "object_repr": "alicja pawlak", "action_flag": 3, "change_message": ""}}, {"model": "admin.logentry", "pk": 961, "fields": {"action_time": "2019-03-19T08:03:25.651Z", "user": 2, "content_type": 14, "object_id": "185", "object_repr": "adam grzelewski", "action_flag": 3, "change_message": ""}}, {"model": "admin.logentry", "pk": 962, "fields": {"action_time": "2019-03-19T08:03:25.659Z", "user": 2, "content_type": 14, "object_id": "184", "object_repr": "luca pulejo", "action_flag": 3, "change_message": ""}}, {"model": "admin.logentry", "pk": 963, "fields": {"action_time": "2019-03-19T08:03:25.667Z", "user": 2, "content_type": 14, "object_id": "183", "object_repr": "tushar agrawal", "action_flag": 3, "change_message": ""}}, {"model": "admin.logentry", "pk": 964, "fields": {"action_time": "2019-03-19T08:03:25.676Z", "user": 2, "content_type": 14, "object_id": "182", "object_repr": "aoife c ryan", "action_flag": 3, "change_message": ""}}, {"model": "admin.logentry", "pk": 965, "fields": {"action_time": "2019-03-19T08:03:25.684Z", "user": 2, "content_type": 14, "object_id": "181", "object_repr": "alberto piazza", "action_flag": 3, "change_message": ""}}, {"model": "admin.logentry", "pk": 966, "fields": {"action_time": "2019-03-19T08:03:25.692Z", "user": 2, "content_type": 14, "object_id": "180", "object_repr": "venessa chan", "action_flag": 3, "change_message": ""}}, {"model": "admin.logentry", "pk": 967, "fields": {"action_time": "2019-03-19T08:03:25.700Z", "user": 2, "content_type": 14, "object_id": "179", "object_repr": "richard t mcgowan", "action_flag": 3, "change_message": ""}}, {"model": "admin.logentry", "pk": 968, "fields": {"action_time": "2019-03-19T08:03:25.707Z", "user": 2, "content_type": 14, "object_id": "178", "object_repr": "abhijit akhawe", "action_flag": 3, "change_message": ""}}, {"model": "admin.logentry", "pk": 969, "fields": {"action_time": "2019-03-19T08:03:25.718Z", "user": 2, "content_type": 14, "object_id": "177", "object_repr": "krishan sharma", "action_flag": 3, "change_message": ""}}, {"model": "admin.logentry", "pk": 970, "fields": {"action_time": "2019-03-19T08:03:25.726Z", "user": 2, "content_type": 14, "object_id": "176", "object_repr": "david gan", "action_flag": 3, "change_message": ""}}, {"model": "admin.logentry", "pk": 971, "fields": {"action_time": "2019-03-19T08:03:25.734Z", "user": 2, "content_type": 14, "object_id": "175", "object_repr": "sweeching ho", "action_flag": 3, "change_message": ""}}, {"model": "admin.logentry", "pk": 972, "fields": {"action_time": "2019-03-19T08:03:25.743Z", "user": 2, "content_type": 14, "object_id": "174", "object_repr": "massimiliano daniele", "action_flag": 3, "change_message": ""}}, {"model": "admin.logentry", "pk": 973, "fields": {"action_time": "2019-03-19T08:03:25.751Z", "user": 2, "content_type": 14, "object_id": "173", "object_repr": "antonino accetta", "action_flag": 3, "change_message": ""}}, {"model": "admin.logentry", "pk": 974, "fields": {"action_time": "2019-03-19T08:03:25.758Z", "user": 2, "content_type": 14, "object_id": "172", "object_repr": "j sanchez gonzalez", "action_flag": 3, "change_message": ""}}, {"model": "admin.logentry", "pk": 975, "fields": {"action_time": "2019-03-19T08:03:25.766Z", "user": 2, "content_type": 14, "object_id": "171", "object_repr": "david arana bisbal", "action_flag": 3, "change_message": ""}}, {"model": "admin.logentry", "pk": 976, "fields": {"action_time": "2019-03-19T08:03:25.775Z", "user": 2, "content_type": 14, "object_id": "170", "object_repr": "kok boon gan", "action_flag": 3, "change_message": ""}}, {"model": "admin.logentry", "pk": 977, "fields": {"action_time": "2019-03-19T08:03:25.785Z", "user": 2, "content_type": 14, "object_id": "169", "object_repr": "soumya prasad", "action_flag": 3, "change_message": ""}}, {"model": "admin.logentry", "pk": 978, "fields": {"action_time": "2019-03-19T08:03:25.794Z", "user": 2, "content_type": 14, "object_id": "168", "object_repr": "abhijit majumdar", "action_flag": 3, "change_message": ""}}, {"model": "admin.logentry", "pk": 979, "fields": {"action_time": "2019-03-19T08:03:25.801Z", "user": 2, "content_type": 14, "object_id": "167", "object_repr": "f pessina", "action_flag": 3, "change_message": ""}}, {"model": "admin.logentry", "pk": 980, "fields": {"action_time": "2019-03-19T08:03:25.810Z", "user": 2, "content_type": 14, "object_id": "166", "object_repr": "r danelli", "action_flag": 3, "change_message": ""}}, {"model": "admin.logentry", "pk": 981, "fields": {"action_time": "2019-03-19T08:03:25.819Z", "user": 2, "content_type": 14, "object_id": "165", "object_repr": "pedro p amaral", "action_flag": 3, "change_message": ""}}, {"model": "admin.logentry", "pk": 982, "fields": {"action_time": "2019-03-19T08:03:25.826Z", "user": 2, "content_type": 14, "object_id": "164", "object_repr": "daniel f pereira", "action_flag": 3, "change_message": ""}}, {"model": "admin.logentry", "pk": 983, "fields": {"action_time": "2019-03-19T08:03:25.834Z", "user": 2, "content_type": 14, "object_id": "163", "object_repr": "edvard naerum", "action_flag": 3, "change_message": ""}}, {"model": "admin.logentry", "pk": 984, "fields": {"action_time": "2019-03-19T08:03:25.844Z", "user": 2, "content_type": 14, "object_id": "162", "object_repr": "katarzyna mroz", "action_flag": 3, "change_message": ""}}, {"model": "admin.logentry", "pk": 985, "fields": {"action_time": "2019-03-19T08:03:25.852Z", "user": 2, "content_type": 14, "object_id": "161", "object_repr": "amy sillitoe", "action_flag": 3, "change_message": ""}}, {"model": "admin.logentry", "pk": 986, "fields": {"action_time": "2019-03-19T08:03:25.859Z", "user": 2, "content_type": 14, "object_id": "160", "object_repr": "paul osullivan", "action_flag": 3, "change_message": ""}}, {"model": "admin.logentry", "pk": 987, "fields": {"action_time": "2019-03-19T08:03:25.868Z", "user": 2, "content_type": 14, "object_id": "159", "object_repr": "madhu s thanikasalam", "action_flag": 3, "change_message": ""}}, {"model": "admin.logentry", "pk": 988, "fields": {"action_time": "2019-03-19T08:03:25.877Z", "user": 2, "content_type": 14, "object_id": "158", "object_repr": "hythum hamid", "action_flag": 3, "change_message": ""}}, {"model": "admin.logentry", "pk": 989, "fields": {"action_time": "2019-03-19T08:03:25.885Z", "user": 2, "content_type": 14, "object_id": "157", "object_repr": "audrey desmet", "action_flag": 3, "change_message": ""}}, {"model": "admin.logentry", "pk": 990, "fields": {"action_time": "2019-03-19T08:03:25.894Z", "user": 2, "content_type": 14, "object_id": "156", "object_repr": "gerard hendra", "action_flag": 3, "change_message": ""}}, {"model": "admin.logentry", "pk": 991, "fields": {"action_time": "2019-03-19T08:03:25.906Z", "user": 2, "content_type": 14, "object_id": "155", "object_repr": "daniele viscoli", "action_flag": 3, "change_message": ""}}, {"model": "admin.logentry", "pk": 992, "fields": {"action_time": "2019-03-19T08:03:25.916Z", "user": 2, "content_type": 14, "object_id": "154", "object_repr": "deepak a shukla", "action_flag": 3, "change_message": ""}}, {"model": "admin.logentry", "pk": 993, "fields": {"action_time": "2019-03-19T08:03:25.924Z", "user": 2, "content_type": 14, "object_id": "153", "object_repr": "giovanni di giorgio", "action_flag": 3, "change_message": ""}}, {"model": "admin.logentry", "pk": 994, "fields": {"action_time": "2019-03-19T08:03:25.932Z", "user": 2, "content_type": 14, "object_id": "152", "object_repr": "a esposti", "action_flag": 3, "change_message": ""}}, {"model": "admin.logentry", "pk": 995, "fields": {"action_time": "2019-03-19T08:03:25.941Z", "user": 2, "content_type": 14, "object_id": "151", "object_repr": "viswanathan sugumar", "action_flag": 3, "change_message": ""}}, {"model": "admin.logentry", "pk": 996, "fields": {"action_time": "2019-03-19T08:03:25.949Z", "user": 2, "content_type": 14, "object_id": "150", "object_repr": "pawel kaczmarek", "action_flag": 3, "change_message": ""}}, {"model": "admin.logentry", "pk": 997, "fields": {"action_time": "2019-03-19T08:03:25.957Z", "user": 2, "content_type": 14, "object_id": "149", "object_repr": "maarten van bemmel", "action_flag": 3, "change_message": ""}}, {"model": "admin.logentry", "pk": 998, "fields": {"action_time": "2019-03-19T08:03:25.965Z", "user": 2, "content_type": 14, "object_id": "148", "object_repr": "deepak parasiya", "action_flag": 3, "change_message": ""}}, {"model": "admin.logentry", "pk": 999, "fields": {"action_time": "2019-03-19T08:03:25.974Z", "user": 2, "content_type": 14, "object_id": "147", "object_repr": "francesca piazza", "action_flag": 3, "change_message": ""}}, {"model": "admin.logentry", "pk": 1000, "fields": {"action_time": "2019-03-19T08:03:25.983Z", "user": 2, "content_type": 14, "object_id": "146", "object_repr": "andrea fittipaldi", "action_flag": 3, "change_message": ""}}, {"model": "admin.logentry", "pk": 1001, "fields": {"action_time": "2019-03-19T08:03:25.993Z", "user": 2, "content_type": 14, "object_id": "145", "object_repr": "mathieu chausse", "action_flag": 3, "change_message": ""}}, {"model": "admin.logentry", "pk": 1002, "fields": {"action_time": "2019-03-19T08:03:26.001Z", "user": 2, "content_type": 14, "object_id": "144", "object_repr": "maxime jacquemard", "action_flag": 3, "change_message": ""}}, {"model": "admin.logentry", "pk": 1003, "fields": {"action_time": "2019-03-19T08:03:26.009Z", "user": 2, "content_type": 14, "object_id": "143", "object_repr": "serene neo", "action_flag": 3, "change_message": ""}}, {"model": "admin.logentry", "pk": 1004, "fields": {"action_time": "2019-03-19T08:03:26.017Z", "user": 2, "content_type": 14, "object_id": "142", "object_repr": "kwee mui choo", "action_flag": 3, "change_message": ""}}, {"model": "admin.logentry", "pk": 1005, "fields": {"action_time": "2019-03-19T08:03:26.026Z", "user": 2, "content_type": 14, "object_id": "141", "object_repr": "kok wah poh", "action_flag": 3, "change_message": ""}}, {"model": "admin.logentry", "pk": 1006, "fields": {"action_time": "2019-03-19T08:03:26.033Z", "user": 2, "content_type": 14, "object_id": "140", "object_repr": "reziero simeone", "action_flag": 3, "change_message": ""}}, {"model": "admin.logentry", "pk": 1007, "fields": {"action_time": "2019-03-19T08:03:26.040Z", "user": 2, "content_type": 14, "object_id": "139", "object_repr": "steven dunk", "action_flag": 3, "change_message": ""}}, {"model": "admin.logentry", "pk": 1008, "fields": {"action_time": "2019-03-19T08:03:26.048Z", "user": 2, "content_type": 14, "object_id": "138", "object_repr": "george burrell", "action_flag": 3, "change_message": ""}}, {"model": "admin.logentry", "pk": 1009, "fields": {"action_time": "2019-03-19T08:03:26.058Z", "user": 2, "content_type": 14, "object_id": "137", "object_repr": "michael glatz", "action_flag": 3, "change_message": ""}}, {"model": "admin.logentry", "pk": 1010, "fields": {"action_time": "2019-03-19T08:03:26.066Z", "user": 2, "content_type": 14, "object_id": "136", "object_repr": "roger mane bosch", "action_flag": 3, "change_message": ""}}, {"model": "admin.logentry", "pk": 1011, "fields": {"action_time": "2019-03-19T08:03:26.073Z", "user": 2, "content_type": 14, "object_id": "135", "object_repr": "sonia garcia", "action_flag": 3, "change_message": ""}}, {"model": "admin.logentry", "pk": 1012, "fields": {"action_time": "2019-03-19T08:03:26.081Z", "user": 2, "content_type": 14, "object_id": "134", "object_repr": "joanne mcgovern", "action_flag": 3, "change_message": ""}}, {"model": "admin.logentry", "pk": 1013, "fields": {"action_time": "2019-03-19T08:03:26.089Z", "user": 2, "content_type": 14, "object_id": "133", "object_repr": "sarah gill", "action_flag": 3, "change_message": ""}}, {"model": "admin.logentry", "pk": 1014, "fields": {"action_time": "2019-03-19T08:03:26.098Z", "user": 2, "content_type": 14, "object_id": "132", "object_repr": "bruno m valerio", "action_flag": 3, "change_message": ""}}, {"model": "admin.logentry", "pk": 1015, "fields": {"action_time": "2019-03-19T08:03:26.106Z", "user": 2, "content_type": 14, "object_id": "131", "object_repr": "joao santos", "action_flag": 3, "change_message": ""}}, {"model": "admin.logentry", "pk": 1016, "fields": {"action_time": "2019-03-19T08:03:26.117Z", "user": 2, "content_type": 14, "object_id": "130", "object_repr": "luca ruzzon", "action_flag": 3, "change_message": ""}}, {"model": "admin.logentry", "pk": 1017, "fields": {"action_time": "2019-03-19T08:03:26.126Z", "user": 2, "content_type": 14, "object_id": "129", "object_repr": "andrew p soeiro", "action_flag": 3, "change_message": ""}}, {"model": "admin.logentry", "pk": 1018, "fields": {"action_time": "2019-03-19T08:03:26.133Z", "user": 2, "content_type": 14, "object_id": "128", "object_repr": "nikolaos rachovitsas", "action_flag": 3, "change_message": ""}}, {"model": "admin.logentry", "pk": 1019, "fields": {"action_time": "2019-03-19T08:03:26.141Z", "user": 2, "content_type": 14, "object_id": "127", "object_repr": "xiao wen loke", "action_flag": 3, "change_message": ""}}, {"model": "admin.logentry", "pk": 1020, "fields": {"action_time": "2019-03-19T08:03:26.149Z", "user": 2, "content_type": 14, "object_id": "126", "object_repr": "eric salamand", "action_flag": 3, "change_message": ""}}, {"model": "admin.logentry", "pk": 1021, "fields": {"action_time": "2019-03-19T08:03:26.159Z", "user": 2, "content_type": 14, "object_id": "125", "object_repr": "cedric lefeubvre", "action_flag": 3, "change_message": ""}}, {"model": "admin.logentry", "pk": 1022, "fields": {"action_time": "2019-03-19T08:03:26.167Z", "user": 2, "content_type": 14, "object_id": "124", "object_repr": "prasad boppana", "action_flag": 3, "change_message": ""}}, {"model": "admin.logentry", "pk": 1023, "fields": {"action_time": "2019-03-19T08:03:26.175Z", "user": 2, "content_type": 14, "object_id": "123", "object_repr": "abhishek n nair", "action_flag": 3, "change_message": ""}}, {"model": "admin.logentry", "pk": 1024, "fields": {"action_time": "2019-03-19T08:03:26.186Z", "user": 2, "content_type": 14, "object_id": "122", "object_repr": "poh edwin", "action_flag": 3, "change_message": ""}}, {"model": "admin.logentry", "pk": 1025, "fields": {"action_time": "2019-03-19T08:03:26.212Z", "user": 2, "content_type": 14, "object_id": "121", "object_repr": "davidandrea armilli", "action_flag": 3, "change_message": ""}}, {"model": "admin.logentry", "pk": 1026, "fields": {"action_time": "2019-03-19T08:03:26.219Z", "user": 2, "content_type": 14, "object_id": "120", "object_repr": "chris jenkins", "action_flag": 3, "change_message": ""}}, {"model": "admin.logentry", "pk": 1027, "fields": {"action_time": "2019-03-19T08:03:26.225Z", "user": 2, "content_type": 14, "object_id": "119", "object_repr": "ana i santana toledo", "action_flag": 3, "change_message": ""}}, {"model": "admin.logentry", "pk": 1028, "fields": {"action_time": "2019-03-19T08:03:26.233Z", "user": 2, "content_type": 14, "object_id": "118", "object_repr": "manuel montero", "action_flag": 3, "change_message": ""}}, {"model": "admin.logentry", "pk": 1029, "fields": {"action_time": "2019-03-19T08:03:26.242Z", "user": 2, "content_type": 14, "object_id": "117", "object_repr": "eda lam", "action_flag": 3, "change_message": ""}}, {"model": "admin.logentry", "pk": 1030, "fields": {"action_time": "2019-03-19T08:03:26.251Z", "user": 2, "content_type": 14, "object_id": "116", "object_repr": "oey arianty", "action_flag": 3, "change_message": ""}}, {"model": "admin.logentry", "pk": 1031, "fields": {"action_time": "2019-03-19T08:03:26.259Z", "user": 2, "content_type": 14, "object_id": "115", "object_repr": "przemyslaw jachtoma", "action_flag": 3, "change_message": ""}}, {"model": "admin.logentry", "pk": 1032, "fields": {"action_time": "2019-03-19T08:03:26.267Z", "user": 2, "content_type": 14, "object_id": "114", "object_repr": "sanjeet s soor", "action_flag": 3, "change_message": ""}}, {"model": "admin.logentry", "pk": 1033, "fields": {"action_time": "2019-03-19T08:03:26.276Z", "user": 2, "content_type": 14, "object_id": "113", "object_repr": "s pachalranganathan", "action_flag": 3, "change_message": ""}}, {"model": "admin.logentry", "pk": 1034, "fields": {"action_time": "2019-03-19T08:03:26.283Z", "user": 2, "content_type": 14, "object_id": "112", "object_repr": "catherine a inness", "action_flag": 3, "change_message": ""}}, {"model": "admin.logentry", "pk": 1035, "fields": {"action_time": "2019-03-19T08:03:26.291Z", "user": 2, "content_type": 14, "object_id": "111", "object_repr": "rajat solan", "action_flag": 3, "change_message": ""}}, {"model": "admin.logentry", "pk": 1036, "fields": {"action_time": "2019-03-19T08:03:26.299Z", "user": 2, "content_type": 14, "object_id": "110", "object_repr": "franziska schlereth", "action_flag": 3, "change_message": ""}}, {"model": "admin.logentry", "pk": 1037, "fields": {"action_time": "2019-03-19T08:03:26.307Z", "user": 2, "content_type": 14, "object_id": "109", "object_repr": "florian fuerst", "action_flag": 3, "change_message": ""}}, {"model": "admin.logentry", "pk": 1038, "fields": {"action_time": "2019-03-19T08:03:26.317Z", "user": 2, "content_type": 14, "object_id": "108", "object_repr": "christian fromme", "action_flag": 3, "change_message": ""}}, {"model": "admin.logentry", "pk": 1039, "fields": {"action_time": "2019-03-19T08:03:26.325Z", "user": 2, "content_type": 14, "object_id": "107", "object_repr": "liping teng", "action_flag": 3, "change_message": ""}}, {"model": "admin.logentry", "pk": 1040, "fields": {"action_time": "2019-03-19T08:03:26.333Z", "user": 2, "content_type": 14, "object_id": "106", "object_repr": "martin renwick", "action_flag": 3, "change_message": ""}}, {"model": "admin.logentry", "pk": 1041, "fields": {"action_time": "2019-03-19T08:03:26.342Z", "user": 2, "content_type": 14, "object_id": "105", "object_repr": "charlotte carriere", "action_flag": 3, "change_message": ""}}, {"model": "admin.logentry", "pk": 1042, "fields": {"action_time": "2019-03-19T08:03:26.350Z", "user": 2, "content_type": 14, "object_id": "104", "object_repr": "farah jeddi", "action_flag": 3, "change_message": ""}}, {"model": "admin.logentry", "pk": 1043, "fields": {"action_time": "2019-03-19T08:03:26.357Z", "user": 2, "content_type": 14, "object_id": "103", "object_repr": "pavel klima", "action_flag": 3, "change_message": ""}}, {"model": "admin.logentry", "pk": 1044, "fields": {"action_time": "2019-03-19T08:03:26.366Z", "user": 2, "content_type": 14, "object_id": "102", "object_repr": "joao bento", "action_flag": 3, "change_message": ""}}, {"model": "admin.logentry", "pk": 1045, "fields": {"action_time": "2019-03-19T08:03:26.374Z", "user": 2, "content_type": 14, "object_id": "101", "object_repr": "benny lee", "action_flag": 3, "change_message": ""}}, {"model": "admin.logentry", "pk": 1046, "fields": {"action_time": "2019-03-19T08:03:26.383Z", "user": 2, "content_type": 14, "object_id": "100", "object_repr": "paulo campos", "action_flag": 3, "change_message": ""}}, {"model": "admin.logentry", "pk": 1047, "fields": {"action_time": "2019-03-19T08:03:26.390Z", "user": 2, "content_type": 14, "object_id": "99", "object_repr": "olivier fortin", "action_flag": 3, "change_message": ""}}, {"model": "admin.logentry", "pk": 1048, "fields": {"action_time": "2019-03-19T08:03:26.399Z", "user": 2, "content_type": 14, "object_id": "98", "object_repr": "Anastasija Mazurova", "action_flag": 3, "change_message": ""}}, {"model": "admin.logentry", "pk": 1049, "fields": {"action_time": "2019-03-19T08:03:26.408Z", "user": 2, "content_type": 14, "object_id": "97", "object_repr": "Antons Antonenkovs", "action_flag": 3, "change_message": ""}}, {"model": "admin.logentry", "pk": 1050, "fields": {"action_time": "2019-03-19T08:03:26.426Z", "user": 2, "content_type": 14, "object_id": "96", "object_repr": "elena iascone", "action_flag": 3, "change_message": ""}}, {"model": "admin.logentry", "pk": 1051, "fields": {"action_time": "2019-03-19T08:03:26.434Z", "user": 2, "content_type": 14, "object_id": "95", "object_repr": "andrea cimini", "action_flag": 3, "change_message": ""}}, {"model": "admin.logentry", "pk": 1052, "fields": {"action_time": "2019-03-19T08:03:26.442Z", "user": 2, "content_type": 14, "object_id": "94", "object_repr": "andrea di filippo", "action_flag": 3, "change_message": ""}}, {"model": "admin.logentry", "pk": 1053, "fields": {"action_time": "2019-03-19T08:03:26.451Z", "user": 2, "content_type": 14, "object_id": "93", "object_repr": "giuseppe villani", "action_flag": 3, "change_message": ""}}, {"model": "admin.logentry", "pk": 1054, "fields": {"action_time": "2019-03-19T08:03:26.458Z", "user": 2, "content_type": 14, "object_id": "92", "object_repr": "mark farbrace", "action_flag": 3, "change_message": ""}}, {"model": "admin.logentry", "pk": 1055, "fields": {"action_time": "2019-03-19T08:03:26.467Z", "user": 2, "content_type": 14, "object_id": "91", "object_repr": "srinag vmurthy", "action_flag": 3, "change_message": ""}}, {"model": "admin.logentry", "pk": 1056, "fields": {"action_time": "2019-03-19T08:03:26.475Z", "user": 2, "content_type": 14, "object_id": "90", "object_repr": "carmelo cicero", "action_flag": 3, "change_message": ""}}, {"model": "admin.logentry", "pk": 1057, "fields": {"action_time": "2019-03-19T08:03:26.504Z", "user": 2, "content_type": 14, "object_id": "89", "object_repr": "michele nardei", "action_flag": 3, "change_message": ""}}, {"model": "admin.logentry", "pk": 1058, "fields": {"action_time": "2019-03-19T08:03:26.513Z", "user": 2, "content_type": 14, "object_id": "88", "object_repr": "onorio rossi", "action_flag": 3, "change_message": ""}}, {"model": "admin.logentry", "pk": 1059, "fields": {"action_time": "2019-03-19T08:03:26.522Z", "user": 2, "content_type": 14, "object_id": "87", "object_repr": "d cinguino", "action_flag": 3, "change_message": ""}}, {"model": "admin.logentry", "pk": 1060, "fields": {"action_time": "2019-03-19T08:03:26.530Z", "user": 2, "content_type": 14, "object_id": "86", "object_repr": "giorgio sudano", "action_flag": 3, "change_message": ""}}, {"model": "admin.logentry", "pk": 1061, "fields": {"action_time": "2019-03-19T08:03:26.537Z", "user": 2, "content_type": 14, "object_id": "85", "object_repr": "silvana reale", "action_flag": 3, "change_message": ""}}, {"model": "admin.logentry", "pk": 1062, "fields": {"action_time": "2019-03-19T08:03:26.544Z", "user": 2, "content_type": 14, "object_id": "84", "object_repr": "pier giorgio giglio", "action_flag": 3, "change_message": ""}}, {"model": "admin.logentry", "pk": 1063, "fields": {"action_time": "2019-03-19T08:03:26.551Z", "user": 2, "content_type": 14, "object_id": "83", "object_repr": "s venturini", "action_flag": 3, "change_message": ""}}, {"model": "admin.logentry", "pk": 1064, "fields": {"action_time": "2019-03-19T08:03:26.560Z", "user": 2, "content_type": 14, "object_id": "82", "object_repr": "eddi dal cortivo", "action_flag": 3, "change_message": ""}}, {"model": "admin.logentry", "pk": 1065, "fields": {"action_time": "2019-03-19T08:03:26.567Z", "user": 2, "content_type": 14, "object_id": "81", "object_repr": "raffaella masoero", "action_flag": 3, "change_message": ""}}, {"model": "admin.logentry", "pk": 1066, "fields": {"action_time": "2019-03-19T08:03:26.576Z", "user": 2, "content_type": 14, "object_id": "80", "object_repr": "Rashmi N Gowda", "action_flag": 3, "change_message": ""}}, {"model": "admin.logentry", "pk": 1067, "fields": {"action_time": "2019-03-19T08:03:26.587Z", "user": 2, "content_type": 14, "object_id": "79", "object_repr": "Amar Niranjana Murthy Nishanth", "action_flag": 3, "change_message": ""}}, {"model": "admin.logentry", "pk": 1068, "fields": {"action_time": "2019-03-19T08:03:26.596Z", "user": 2, "content_type": 14, "object_id": "78", "object_repr": "Ramakrishnan Swaminathan", "action_flag": 3, "change_message": ""}}, {"model": "admin.logentry", "pk": 1069, "fields": {"action_time": "2019-03-19T08:03:49.355Z", "user": 2, "content_type": 15, "object_id": "218", "object_repr": "9940205331 - Inspection Modernization IF", "action_flag": 3, "change_message": ""}}, {"model": "admin.logentry", "pk": 1070, "fields": {"action_time": "2019-03-19T08:03:49.366Z", "user": 2, "content_type": 15, "object_id": "217", "object_repr": "Digital engagement", "action_flag": 3, "change_message": ""}}, {"model": "admin.logentry", "pk": 1071, "fields": {"action_time": "2019-03-19T08:03:49.374Z", "user": 2, "content_type": 15, "object_id": "216", "object_repr": "LIS and Bus", "action_flag": 3, "change_message": ""}}, {"model": "admin.logentry", "pk": 1072, "fields": {"action_time": "2019-03-19T08:03:49.382Z", "user": 2, "content_type": 15, "object_id": "215", "object_repr": "ASG DCM PreSales Roles", "action_flag": 3, "change_message": ""}}, {"model": "admin.logentry", "pk": 1073, "fields": {"action_time": "2019-03-19T08:03:49.391Z", "user": 2, "content_type": 15, "object_id": "214", "object_repr": "Gateway Processing (Fleet)", "action_flag": 3, "change_message": ""}}, {"model": "admin.logentry", "pk": 1074, "fields": {"action_time": "2019-03-19T08:03:49.399Z", "user": 2, "content_type": 15, "object_id": "213", "object_repr": "9940195913 - Gold Affiliation_ Unicredit", "action_flag": 3, "change_message": ""}}, {"model": "admin.logentry", "pk": 1075, "fields": {"action_time": "2019-03-19T08:03:49.409Z", "user": 2, "content_type": 15, "object_id": "212", "object_repr": "A8NA4 - WSIG Premium Pricing", "action_flag": 3, "change_message": ""}}, {"model": "admin.logentry", "pk": 1076, "fields": {"action_time": "2019-03-19T08:03:49.421Z", "user": 2, "content_type": 15, "object_id": "211", "object_repr": "ACCIONA RUBIK3", "action_flag": 3, "change_message": ""}}, {"model": "admin.logentry", "pk": 1077, "fields": {"action_time": "2019-03-19T08:03:49.429Z", "user": 2, "content_type": 15, "object_id": "210", "object_repr": "9940188694-HMRC-Novated", "action_flag": 3, "change_message": ""}}, {"model": "admin.logentry", "pk": 1078, "fields": {"action_time": "2019-03-19T08:03:49.437Z", "user": 2, "content_type": 15, "object_id": "209", "object_repr": "MS Amlin Technology", "action_flag": 3, "change_message": ""}}, {"model": "admin.logentry", "pk": 1079, "fields": {"action_time": "2019-03-19T08:03:49.445Z", "user": 2, "content_type": 15, "object_id": "208", "object_repr": "10932002 SEAT SW Deliv Center", "action_flag": 3, "change_message": ""}}, {"model": "admin.logentry", "pk": 1080, "fields": {"action_time": "2019-03-19T08:03:49.454Z", "user": 2, "content_type": 15, "object_id": "207", "object_repr": "9940149064 - BBVA GRBB Web Diagnostic", "action_flag": 3, "change_message": ""}}, {"model": "admin.logentry", "pk": 1081, "fields": {"action_time": "2019-03-19T08:03:49.463Z", "user": 2, "content_type": 15, "object_id": "206", "object_repr": "9940284610 - A.01 Financial Supp. Report", "action_flag": 3, "change_message": ""}}, {"model": "admin.logentry", "pk": 1082, "fields": {"action_time": "2019-03-19T08:03:49.472Z", "user": 2, "content_type": 15, "object_id": "205", "object_repr": "9940206163 Back Offices operation (Distr", "action_flag": 3, "change_message": ""}}, {"model": "admin.logentry", "pk": 1083, "fields": {"action_time": "2019-03-19T08:03:49.481Z", "user": 2, "content_type": 15, "object_id": "204", "object_repr": "VX Living Wills OFSI", "action_flag": 3, "change_message": ""}}, {"model": "admin.logentry", "pk": 1084, "fields": {"action_time": "2019-03-19T08:03:49.491Z", "user": 2, "content_type": 15, "object_id": "203", "object_repr": "9940162507 / Medflix Infinity- Rome", "action_flag": 3, "change_message": ""}}, {"model": "admin.logentry", "pk": 1085, "fields": {"action_time": "2019-03-19T08:03:49.498Z", "user": 2, "content_type": 15, "object_id": "202", "object_repr": "9940239517 - Technology Energy Hub", "action_flag": 3, "change_message": ""}}, {"model": "admin.logentry", "pk": 1086, "fields": {"action_time": "2019-03-19T08:03:49.531Z", "user": 2, "content_type": 15, "object_id": "201", "object_repr": "9940179067 - CoBa EVA TOM 2014-2019", "action_flag": 3, "change_message": ""}}, {"model": "admin.logentry", "pk": 1087, "fields": {"action_time": "2019-03-19T08:03:49.540Z", "user": 2, "content_type": 15, "object_id": "200", "object_repr": "Opportunity Work", "action_flag": 3, "change_message": ""}}, {"model": "admin.logentry", "pk": 1088, "fields": {"action_time": "2019-03-19T08:03:49.554Z", "user": 2, "content_type": 15, "object_id": "199", "object_repr": "9940254726 - ALM", "action_flag": 3, "change_message": ""}}, {"model": "admin.logentry", "pk": 1089, "fields": {"action_time": "2019-03-19T08:03:49.566Z", "user": 2, "content_type": 15, "object_id": "198", "object_repr": "Fresenius - LN DB Migration", "action_flag": 3, "change_message": ""}}, {"model": "admin.logentry", "pk": 1090, "fields": {"action_time": "2019-03-19T08:03:49.588Z", "user": 2, "content_type": 15, "object_id": "197", "object_repr": "VIG Image Recognition", "action_flag": 3, "change_message": ""}}, {"model": "admin.logentry", "pk": 1091, "fields": {"action_time": "2019-03-19T08:03:49.602Z", "user": 2, "content_type": 15, "object_id": "196", "object_repr": "OP Proactive sales - staff aug.", "action_flag": 3, "change_message": ""}}, {"model": "admin.logentry", "pk": 1092, "fields": {"action_time": "2019-03-19T08:03:49.614Z", "user": 2, "content_type": 15, "object_id": "195", "object_repr": "9940255909- Open Banking Compete", "action_flag": 3, "change_message": ""}}, {"model": "admin.logentry", "pk": 1093, "fields": {"action_time": "2019-03-19T08:03:49.626Z", "user": 2, "content_type": 15, "object_id": "194", "object_repr": "AVA:Peloton Developer Support", "action_flag": 3, "change_message": ""}}, {"model": "admin.logentry", "pk": 1094, "fields": {"action_time": "2019-03-19T08:03:49.636Z", "user": 2, "content_type": 15, "object_id": "193", "object_repr": "9940290619 - Swisscard App Lifecycle Sup", "action_flag": 3, "change_message": ""}}, {"model": "admin.logentry", "pk": 1095, "fields": {"action_time": "2019-03-19T08:03:49.647Z", "user": 2, "content_type": 15, "object_id": "192", "object_repr": "labcore", "action_flag": 3, "change_message": ""}}, {"model": "admin.logentry", "pk": 1096, "fields": {"action_time": "2019-03-19T08:03:49.655Z", "user": 2, "content_type": 15, "object_id": "191", "object_repr": "Mantenimiento Sharepoint", "action_flag": 3, "change_message": ""}}, {"model": "admin.logentry", "pk": 1097, "fields": {"action_time": "2019-03-19T08:03:49.666Z", "user": 2, "content_type": 15, "object_id": "190", "object_repr": "IQ139004-Application Development", "action_flag": 3, "change_message": ""}}, {"model": "admin.logentry", "pk": 1098, "fields": {"action_time": "2019-03-19T08:03:49.676Z", "user": 2, "content_type": 15, "object_id": "189", "object_repr": "ANGXS001 Consulting UK", "action_flag": 3, "change_message": ""}}, {"model": "admin.logentry", "pk": 1099, "fields": {"action_time": "2019-03-19T08:03:49.686Z", "user": 2, "content_type": 15, "object_id": "188", "object_repr": "IMAS initial", "action_flag": 3, "change_message": ""}}, {"model": "admin.logentry", "pk": 1100, "fields": {"action_time": "2019-03-19T08:03:49.695Z", "user": 2, "content_type": 15, "object_id": "187", "object_repr": "Parental Benefit", "action_flag": 3, "change_message": ""}}, {"model": "admin.logentry", "pk": 1101, "fields": {"action_time": "2019-03-19T08:03:49.708Z", "user": 2, "content_type": 15, "object_id": "186", "object_repr": "9940173068 ITo Pe\u00f1a Ubi\u00f1a", "action_flag": 3, "change_message": ""}}, {"model": "admin.logentry", "pk": 1102, "fields": {"action_time": "2019-03-19T08:03:49.716Z", "user": 2, "content_type": 15, "object_id": "185", "object_repr": "Core Banking", "action_flag": 3, "change_message": ""}}, {"model": "admin.logentry", "pk": 1103, "fields": {"action_time": "2019-03-19T08:03:49.727Z", "user": 2, "content_type": 15, "object_id": "184", "object_repr": "9940144041-Feltrinelli BPO F&A Processes", "action_flag": 3, "change_message": ""}}, {"model": "admin.logentry", "pk": 1104, "fields": {"action_time": "2019-03-19T08:03:49.740Z", "user": 2, "content_type": 15, "object_id": "183", "object_repr": "x_BMW Delivery Sourcing", "action_flag": 3, "change_message": ""}}, {"model": "admin.logentry", "pk": 1105, "fields": {"action_time": "2019-03-19T08:03:49.749Z", "user": 2, "content_type": 15, "object_id": "182", "object_repr": "Glasgow_Bournemouth Delivery Unit", "action_flag": 3, "change_message": ""}}, {"model": "admin.logentry", "pk": 1106, "fields": {"action_time": "2019-03-19T08:03:49.762Z", "user": 2, "content_type": 15, "object_id": "181", "object_repr": "AVA:Enhanced Web App", "action_flag": 3, "change_message": ""}}, {"model": "admin.logentry", "pk": 1107, "fields": {"action_time": "2019-03-19T08:03:49.772Z", "user": 2, "content_type": 15, "object_id": "180", "object_repr": "9940266621-A9POP-ISB New AO AT", "action_flag": 3, "change_message": ""}}, {"model": "admin.logentry", "pk": 1108, "fields": {"action_time": "2019-03-19T08:03:49.781Z", "user": 2, "content_type": 15, "object_id": "179", "object_repr": "SmartSourcing resources", "action_flag": 3, "change_message": ""}}, {"model": "admin.logentry", "pk": 1109, "fields": {"action_time": "2019-03-19T08:03:49.793Z", "user": 2, "content_type": 15, "object_id": "178", "object_repr": "Sodexo - 9940290681 Dev. S. Proc. Migr.", "action_flag": 3, "change_message": ""}}, {"model": "admin.logentry", "pk": 1110, "fields": {"action_time": "2019-03-19T08:03:49.802Z", "user": 2, "content_type": 15, "object_id": "177", "object_repr": "INPS Process reengineering service 13-15", "action_flag": 3, "change_message": ""}}, {"model": "admin.logentry", "pk": 1111, "fields": {"action_time": "2019-03-19T08:03:49.815Z", "user": 2, "content_type": 15, "object_id": "176", "object_repr": "Italy-ACN-Holding-Project", "action_flag": 3, "change_message": ""}}, {"model": "admin.logentry", "pk": 1112, "fields": {"action_time": "2019-03-19T08:03:49.828Z", "user": 2, "content_type": 15, "object_id": "175", "object_repr": "9940271997 - Digital ALPHA Upstream AA", "action_flag": 3, "change_message": ""}}, {"model": "admin.logentry", "pk": 1113, "fields": {"action_time": "2019-03-19T08:03:49.841Z", "user": 2, "content_type": 15, "object_id": "174", "object_repr": "9940268523 - CVF-SP-BK-SI-JR-Infra&Comm", "action_flag": 3, "change_message": ""}}, {"model": "admin.logentry", "pk": 1114, "fields": {"action_time": "2019-03-19T08:03:49.854Z", "user": 2, "content_type": 15, "object_id": "173", "object_repr": "Greece_OTE_Scheduling projects", "action_flag": 3, "change_message": ""}}, {"model": "admin.logentry", "pk": 1115, "fields": {"action_time": "2019-03-19T08:03:49.865Z", "user": 2, "content_type": 15, "object_id": "172", "object_repr": "iNanny", "action_flag": 3, "change_message": ""}}, {"model": "admin.logentry", "pk": 1116, "fields": {"action_time": "2019-03-19T08:03:49.877Z", "user": 2, "content_type": 15, "object_id": "171", "object_repr": "9940183740 - MAS", "action_flag": 3, "change_message": ""}}, {"model": "admin.logentry", "pk": 1117, "fields": {"action_time": "2019-03-19T08:03:49.887Z", "user": 2, "content_type": 15, "object_id": "170", "object_repr": "Konica - SI work April 2015 - Juni 2015", "action_flag": 3, "change_message": ""}}, {"model": "admin.logentry", "pk": 1118, "fields": {"action_time": "2019-03-19T08:03:49.898Z", "user": 2, "content_type": 15, "object_id": "169", "object_repr": "ICT Application Engineering", "action_flag": 3, "change_message": ""}}, {"model": "admin.logentry", "pk": 1119, "fields": {"action_time": "2019-03-19T08:03:49.910Z", "user": 2, "content_type": 15, "object_id": "168", "object_repr": "9940169274 CRE-OTM", "action_flag": 3, "change_message": ""}}, {"model": "admin.logentry", "pk": 1120, "fields": {"action_time": "2019-03-19T08:03:49.923Z", "user": 2, "content_type": 15, "object_id": "167", "object_repr": "BDC Husqvarna Sitecore", "action_flag": 3, "change_message": ""}}, {"model": "admin.logentry", "pk": 1121, "fields": {"action_time": "2019-03-19T08:03:49.932Z", "user": 2, "content_type": 15, "object_id": "166", "object_repr": "Avanade NA CINOT", "action_flag": 3, "change_message": ""}}, {"model": "admin.logentry", "pk": 1122, "fields": {"action_time": "2019-03-19T08:03:49.945Z", "user": 2, "content_type": 15, "object_id": "165", "object_repr": "AVA: Talisman Energy", "action_flag": 3, "change_message": ""}}, {"model": "admin.logentry", "pk": 1123, "fields": {"action_time": "2019-03-19T08:03:49.957Z", "user": 2, "content_type": 15, "object_id": "164", "object_repr": "9940204354 - EPAD Enterprise Platform", "action_flag": 3, "change_message": ""}}, {"model": "admin.logentry", "pk": 1124, "fields": {"action_time": "2019-03-19T08:03:49.965Z", "user": 2, "content_type": 15, "object_id": "163", "object_repr": "Airbus - CAD DMU Vertical Bundle", "action_flag": 3, "change_message": ""}}, {"model": "admin.logentry", "pk": 1125, "fields": {"action_time": "2019-03-19T08:03:49.976Z", "user": 2, "content_type": 15, "object_id": "162", "object_repr": "9940000267 - WCB-ALBERTA CONTRACT", "action_flag": 3, "change_message": ""}}, {"model": "admin.logentry", "pk": 1126, "fields": {"action_time": "2019-03-19T08:03:49.989Z", "user": 2, "content_type": 15, "object_id": "161", "object_repr": "IT Operations a.i.", "action_flag": 3, "change_message": ""}}, {"model": "admin.logentry", "pk": 1127, "fields": {"action_time": "2019-03-19T08:03:49.999Z", "user": 2, "content_type": 15, "object_id": "160", "object_repr": "9940248635 - Bankia - RFP Operaciones", "action_flag": 3, "change_message": ""}}, {"model": "admin.logentry", "pk": 1128, "fields": {"action_time": "2019-03-19T08:03:50.009Z", "user": 2, "content_type": 15, "object_id": "159", "object_repr": "9940193290 - ARQ_IMP_TRANSF ATA ARQ 15-1", "action_flag": 3, "change_message": ""}}, {"model": "admin.logentry", "pk": 1129, "fields": {"action_time": "2019-03-19T08:03:50.019Z", "user": 2, "content_type": 15, "object_id": "158", "object_repr": "ALB7W002-QBE EO Application Development", "action_flag": 3, "change_message": ""}}, {"model": "admin.logentry", "pk": 1130, "fields": {"action_time": "2019-03-19T08:03:50.032Z", "user": 2, "content_type": 15, "object_id": "157", "object_repr": "Singapore-ACN-Holding-Project", "action_flag": 3, "change_message": ""}}, {"model": "admin.logentry", "pk": 1131, "fields": {"action_time": "2019-03-19T08:03:50.044Z", "user": 2, "content_type": 15, "object_id": "156", "object_repr": "9940260765 - AHEAD CBIS Master Data Adap", "action_flag": 3, "change_message": ""}}, {"model": "admin.logentry", "pk": 1132, "fields": {"action_time": "2019-03-19T08:03:50.053Z", "user": 2, "content_type": 15, "object_id": "155", "object_repr": "9940082468-IRAS TRUE NORTH - AM", "action_flag": 3, "change_message": ""}}, {"model": "admin.logentry", "pk": 1133, "fields": {"action_time": "2019-03-19T08:03:50.063Z", "user": 2, "content_type": 15, "object_id": "154", "object_repr": "Dynamics 365 Migration", "action_flag": 3, "change_message": ""}}, {"model": "admin.logentry", "pk": 1134, "fields": {"action_time": "2019-03-19T08:03:50.076Z", "user": 2, "content_type": 15, "object_id": "153", "object_repr": "9940177462 - Customer Analytics", "action_flag": 3, "change_message": ""}}, {"model": "admin.logentry", "pk": 1135, "fields": {"action_time": "2019-03-19T08:03:50.089Z", "user": 2, "content_type": 15, "object_id": "152", "object_repr": "AMS Support for Projects", "action_flag": 3, "change_message": ""}}, {"model": "admin.logentry", "pk": 1136, "fields": {"action_time": "2019-03-19T08:03:50.099Z", "user": 2, "content_type": 15, "object_id": "151", "object_repr": "9940192707 - Risk IT UK", "action_flag": 3, "change_message": ""}}, {"model": "admin.logentry", "pk": 1137, "fields": {"action_time": "2019-03-19T08:03:50.109Z", "user": 2, "content_type": 15, "object_id": "150", "object_repr": "9940181897 - AM 2014 2018-Finanza Propri", "action_flag": 3, "change_message": ""}}, {"model": "admin.logentry", "pk": 1138, "fields": {"action_time": "2019-03-19T08:03:50.119Z", "user": 2, "content_type": 15, "object_id": "149", "object_repr": "Solution Factory - Field Force Mngmt", "action_flag": 3, "change_message": ""}}, {"model": "admin.logentry", "pk": 1139, "fields": {"action_time": "2019-03-19T08:03:50.131Z", "user": 2, "content_type": 15, "object_id": "148", "object_repr": "B. Deal Iberdrola", "action_flag": 3, "change_message": ""}}, {"model": "admin.logentry", "pk": 1140, "fields": {"action_time": "2019-03-19T08:03:50.143Z", "user": 2, "content_type": 15, "object_id": "147", "object_repr": "Insurance Labs", "action_flag": 3, "change_message": ""}}, {"model": "admin.logentry", "pk": 1141, "fields": {"action_time": "2019-03-19T08:03:50.152Z", "user": 2, "content_type": 15, "object_id": "146", "object_repr": "46078 - Keep Experiences Current - Perso", "action_flag": 3, "change_message": ""}}, {"model": "admin.logentry", "pk": 1142, "fields": {"action_time": "2019-03-19T08:03:50.163Z", "user": 2, "content_type": 15, "object_id": "145", "object_repr": "Banque Digitale", "action_flag": 3, "change_message": ""}}, {"model": "admin.logentry", "pk": 1143, "fields": {"action_time": "2019-03-19T08:03:50.172Z", "user": 2, "content_type": 15, "object_id": "144", "object_repr": "Maybank - Contact Center Implementation", "action_flag": 3, "change_message": ""}}, {"model": "admin.logentry", "pk": 1144, "fields": {"action_time": "2019-03-19T08:03:50.183Z", "user": 2, "content_type": 15, "object_id": "143", "object_repr": "Internal_DC", "action_flag": 3, "change_message": ""}}, {"model": "admin.logentry", "pk": 1145, "fields": {"action_time": "2019-03-19T08:03:50.193Z", "user": 2, "content_type": 15, "object_id": "142", "object_repr": "UBI - evolutive CRM", "action_flag": 3, "change_message": ""}}, {"model": "admin.logentry", "pk": 1146, "fields": {"action_time": "2019-03-19T08:03:50.206Z", "user": 2, "content_type": 15, "object_id": "141", "object_repr": "Opportunity/Resource Group work", "action_flag": 3, "change_message": ""}}, {"model": "admin.logentry", "pk": 1147, "fields": {"action_time": "2019-03-19T08:03:50.217Z", "user": 2, "content_type": 15, "object_id": "140", "object_repr": "9940114812 - AF&A BPO contract", "action_flag": 3, "change_message": ""}}, {"model": "admin.logentry", "pk": 1148, "fields": {"action_time": "2019-03-19T08:03:50.226Z", "user": 2, "content_type": 15, "object_id": "139", "object_repr": "Project Laser", "action_flag": 3, "change_message": ""}}, {"model": "admin.logentry", "pk": 1149, "fields": {"action_time": "2019-03-19T08:03:50.237Z", "user": 2, "content_type": 15, "object_id": "138", "object_repr": "#thinkbeyond Early Delivery", "action_flag": 3, "change_message": ""}}, {"model": "admin.logentry", "pk": 1150, "fields": {"action_time": "2019-03-19T08:03:50.246Z", "user": 2, "content_type": 15, "object_id": "137", "object_repr": "9940267368 - FCA Cloud Support", "action_flag": 3, "change_message": ""}}, {"model": "admin.logentry", "pk": 1151, "fields": {"action_time": "2019-03-19T08:03:50.257Z", "user": 2, "content_type": 15, "object_id": "136", "object_repr": "UOB XRM Implementation and Rollout Phase", "action_flag": 3, "change_message": ""}}, {"model": "admin.logentry", "pk": 1152, "fields": {"action_time": "2019-03-19T08:03:50.266Z", "user": 2, "content_type": 15, "object_id": "135", "object_repr": "9940203467 - Gara Sales Force Automation", "action_flag": 3, "change_message": ""}}, {"model": "admin.logentry", "pk": 1153, "fields": {"action_time": "2019-03-19T08:03:50.279Z", "user": 2, "content_type": 15, "object_id": "134", "object_repr": "ALC5T - Anexos 21-22-23", "action_flag": 3, "change_message": ""}}, {"model": "admin.logentry", "pk": 1154, "fields": {"action_time": "2019-03-19T08:03:50.291Z", "user": 2, "content_type": 15, "object_id": "133", "object_repr": "ALB7W001-QBE EO Application Maintenance", "action_flag": 3, "change_message": ""}}, {"model": "admin.logentry", "pk": 1155, "fields": {"action_time": "2019-03-19T08:03:50.300Z", "user": 2, "content_type": 15, "object_id": "132", "object_repr": "Italy-DIR-Holding-Project", "action_flag": 3, "change_message": ""}}, {"model": "admin.logentry", "pk": 1156, "fields": {"action_time": "2019-03-19T08:03:50.310Z", "user": 2, "content_type": 15, "object_id": "131", "object_repr": "Gest\u00e3o Documental", "action_flag": 3, "change_message": ""}}, {"model": "admin.logentry", "pk": 1157, "fields": {"action_time": "2019-03-19T08:03:50.320Z", "user": 2, "content_type": 15, "object_id": "130", "object_repr": "HelseDir:CaseManagement2014(9940169580)", "action_flag": 3, "change_message": ""}}, {"model": "admin.logentry", "pk": 1158, "fields": {"action_time": "2019-03-19T08:03:50.330Z", "user": 2, "content_type": 15, "object_id": "129", "object_repr": "Travel Pre-Ex", "action_flag": 3, "change_message": ""}}, {"model": "admin.logentry", "pk": 1159, "fields": {"action_time": "2019-03-19T08:03:50.341Z", "user": 2, "content_type": 15, "object_id": "128", "object_repr": "Resource Augmentation", "action_flag": 3, "change_message": ""}}, {"model": "admin.logentry", "pk": 1160, "fields": {"action_time": "2019-03-19T08:03:50.353Z", "user": 2, "content_type": 15, "object_id": "127", "object_repr": "Branch Digitalization", "action_flag": 3, "change_message": ""}}, {"model": "admin.logentry", "pk": 1161, "fields": {"action_time": "2019-03-19T08:03:50.363Z", "user": 2, "content_type": 15, "object_id": "126", "object_repr": "AVA:Airbus-fixed-wing search and rescue", "action_flag": 3, "change_message": ""}}, {"model": "admin.logentry", "pk": 1162, "fields": {"action_time": "2019-03-19T08:03:50.371Z", "user": 2, "content_type": 15, "object_id": "125", "object_repr": "9940253882_ACS Migration factory", "action_flag": 3, "change_message": ""}}, {"model": "admin.logentry", "pk": 1163, "fields": {"action_time": "2019-03-19T08:03:50.377Z", "user": 2, "content_type": 15, "object_id": "124", "object_repr": "9940242464 - Tender video & broadc appl", "action_flag": 3, "change_message": ""}}, {"model": "admin.logentry", "pk": 1164, "fields": {"action_time": "2019-03-19T08:03:50.384Z", "user": 2, "content_type": 15, "object_id": "123", "object_repr": "Quantexa Phase 1", "action_flag": 3, "change_message": ""}}, {"model": "admin.logentry", "pk": 1165, "fields": {"action_time": "2019-03-19T08:03:50.391Z", "user": 2, "content_type": 15, "object_id": "122", "object_repr": "9940225475 GRTU Global Tender Generation", "action_flag": 3, "change_message": ""}}, {"model": "admin.logentry", "pk": 1166, "fields": {"action_time": "2019-03-19T08:03:50.397Z", "user": 2, "content_type": 15, "object_id": "121", "object_repr": "9940174077 - ESB and Kiosk", "action_flag": 3, "change_message": ""}}, {"model": "admin.logentry", "pk": 1167, "fields": {"action_time": "2019-03-19T08:03:50.405Z", "user": 2, "content_type": 15, "object_id": "120", "object_repr": "National Cloud", "action_flag": 3, "change_message": ""}}, {"model": "admin.logentry", "pk": 1168, "fields": {"action_time": "2019-03-19T08:03:50.412Z", "user": 2, "content_type": 15, "object_id": "119", "object_repr": "9940244376 -RfP DevOps REM", "action_flag": 3, "change_message": ""}}, {"model": "admin.logentry", "pk": 1169, "fields": {"action_time": "2019-03-19T08:03:50.420Z", "user": 2, "content_type": 15, "object_id": "118", "object_repr": "RPA", "action_flag": 3, "change_message": ""}}, {"model": "admin.logentry", "pk": 1170, "fields": {"action_time": "2019-03-19T08:03:50.426Z", "user": 2, "content_type": 15, "object_id": "117", "object_repr": "Allianz IT Consolidation 9940177289", "action_flag": 3, "change_message": ""}}, {"model": "admin.logentry", "pk": 1171, "fields": {"action_time": "2019-03-19T08:03:50.435Z", "user": 2, "content_type": 15, "object_id": "116", "object_repr": "9940176750-Michelin CVG 3", "action_flag": 3, "change_message": ""}}, {"model": "admin.logentry", "pk": 1172, "fields": {"action_time": "2019-03-19T08:03:50.443Z", "user": 2, "content_type": 15, "object_id": "115", "object_repr": "APP Newspage - SG Framework", "action_flag": 3, "change_message": ""}}, {"model": "admin.logentry", "pk": 1173, "fields": {"action_time": "2019-03-19T08:03:50.450Z", "user": 2, "content_type": 15, "object_id": "114", "object_repr": "Digital Factory Singapore", "action_flag": 3, "change_message": ""}}, {"model": "admin.logentry", "pk": 1174, "fields": {"action_time": "2019-03-19T08:03:50.458Z", "user": 2, "content_type": 15, "object_id": "113", "object_repr": "ANQWW001 FP Renewal Lotto 3 - ACN", "action_flag": 3, "change_message": ""}}, {"model": "admin.logentry", "pk": 1175, "fields": {"action_time": "2019-03-19T08:03:50.465Z", "user": 2, "content_type": 15, "object_id": "112", "object_repr": "RMS and Custom Applications-UK", "action_flag": 3, "change_message": ""}}, {"model": "admin.logentry", "pk": 1176, "fields": {"action_time": "2019-03-19T08:03:50.472Z", "user": 2, "content_type": 15, "object_id": "111", "object_repr": "9940275369 - NILS Analysis", "action_flag": 3, "change_message": ""}}, {"model": "admin.logentry", "pk": 1177, "fields": {"action_time": "2019-03-19T08:03:50.479Z", "user": 2, "content_type": 15, "object_id": "110", "object_repr": "Spain-ACN-Holding-Projects", "action_flag": 3, "change_message": ""}}, {"model": "admin.logentry", "pk": 1178, "fields": {"action_time": "2019-03-19T08:03:50.487Z", "user": 2, "content_type": 15, "object_id": "109", "object_repr": "NDC Management and Operations Team", "action_flag": 3, "change_message": ""}}, {"model": "admin.logentry", "pk": 1179, "fields": {"action_time": "2019-03-19T08:03:50.494Z", "user": 2, "content_type": 15, "object_id": "108", "object_repr": "9940208741 - Midas Bankfusion Portug PMO", "action_flag": 3, "change_message": ""}}, {"model": "admin.logentry", "pk": 1180, "fields": {"action_time": "2019-03-19T08:03:50.501Z", "user": 2, "content_type": 15, "object_id": "107", "object_repr": "A000136020 - Tetra Pak - ProCo", "action_flag": 3, "change_message": ""}}, {"model": "admin.logentry", "pk": 1181, "fields": {"action_time": "2019-03-19T08:03:50.509Z", "user": 2, "content_type": 15, "object_id": "106", "object_repr": "9940264602-Claims Management Serv.-6102", "action_flag": 3, "change_message": ""}}, {"model": "admin.logentry", "pk": 1182, "fields": {"action_time": "2019-03-19T08:03:50.516Z", "user": 2, "content_type": 15, "object_id": "105", "object_repr": "AZW4S001", "action_flag": 3, "change_message": ""}}, {"model": "admin.logentry", "pk": 1183, "fields": {"action_time": "2019-03-19T08:03:50.523Z", "user": 2, "content_type": 15, "object_id": "104", "object_repr": "Singapore HPS Phoenix", "action_flag": 3, "change_message": ""}}, {"model": "admin.logentry", "pk": 1184, "fields": {"action_time": "2019-03-19T08:03:50.531Z", "user": 2, "content_type": 15, "object_id": "103", "object_repr": "Capital Markets Partnerghsip", "action_flag": 3, "change_message": ""}}, {"model": "admin.logentry", "pk": 1185, "fields": {"action_time": "2019-03-19T08:03:50.538Z", "user": 2, "content_type": 15, "object_id": "102", "object_repr": "Project Trident", "action_flag": 3, "change_message": ""}}, {"model": "admin.logentry", "pk": 1186, "fields": {"action_time": "2019-03-19T08:03:50.546Z", "user": 2, "content_type": 15, "object_id": "101", "object_repr": "9940175264-JTC PROMPT-Implementation&AO", "action_flag": 3, "change_message": ""}}, {"model": "admin.logentry", "pk": 1187, "fields": {"action_time": "2019-03-19T08:03:50.553Z", "user": 2, "content_type": 15, "object_id": "100", "object_repr": "BACBH001 - Zo-i4C_Engie_AIP DS Maintenan", "action_flag": 3, "change_message": ""}}, {"model": "admin.logentry", "pk": 1188, "fields": {"action_time": "2019-03-19T08:03:50.560Z", "user": 2, "content_type": 15, "object_id": "99", "object_repr": "Pega - Data provisioning", "action_flag": 3, "change_message": ""}}, {"model": "admin.logentry", "pk": 1189, "fields": {"action_time": "2019-03-19T08:03:50.566Z", "user": 2, "content_type": 15, "object_id": "98", "object_repr": "Avventa", "action_flag": 3, "change_message": ""}}, {"model": "admin.logentry", "pk": 1190, "fields": {"action_time": "2019-03-19T08:03:50.573Z", "user": 2, "content_type": 15, "object_id": "97", "object_repr": "9940128409 - NEA EDMA", "action_flag": 3, "change_message": ""}}, {"model": "admin.logentry", "pk": 1191, "fields": {"action_time": "2019-03-19T08:03:50.580Z", "user": 2, "content_type": 15, "object_id": "96", "object_repr": "CVF mBank 2014-2016", "action_flag": 3, "change_message": ""}}, {"model": "admin.logentry", "pk": 1192, "fields": {"action_time": "2019-03-19T08:03:50.588Z", "user": 2, "content_type": 15, "object_id": "95", "object_repr": "GTA/Presto", "action_flag": 3, "change_message": ""}}, {"model": "admin.logentry", "pk": 1193, "fields": {"action_time": "2019-03-19T08:03:50.602Z", "user": 2, "content_type": 15, "object_id": "94", "object_repr": "IPT - Digital", "action_flag": 3, "change_message": ""}}, {"model": "admin.logentry", "pk": 1194, "fields": {"action_time": "2019-03-19T08:03:50.609Z", "user": 2, "content_type": 15, "object_id": "93", "object_repr": "9940239175 6.RV SE", "action_flag": 3, "change_message": ""}}, {"model": "admin.logentry", "pk": 1195, "fields": {"action_time": "2019-03-19T08:03:50.618Z", "user": 2, "content_type": 15, "object_id": "92", "object_repr": "9940130878 DP MAIL - ODS main", "action_flag": 3, "change_message": ""}}, {"model": "admin.logentry", "pk": 1196, "fields": {"action_time": "2019-03-19T08:03:50.625Z", "user": 2, "content_type": 15, "object_id": "91", "object_repr": "SG Customs_ New TradeNet/TradeXchange", "action_flag": 3, "change_message": ""}}, {"model": "admin.logentry", "pk": 1197, "fields": {"action_time": "2019-03-19T08:03:50.633Z", "user": 2, "content_type": 15, "object_id": "90", "object_repr": "Gallia France Avanade Holding Project", "action_flag": 3, "change_message": ""}}, {"model": "admin.logentry", "pk": 1198, "fields": {"action_time": "2019-03-19T08:03:50.640Z", "user": 2, "content_type": 15, "object_id": "89", "object_repr": "9940166241 - HS2.0 Time and Material", "action_flag": 3, "change_message": ""}}, {"model": "admin.logentry", "pk": 1199, "fields": {"action_time": "2019-03-19T08:03:50.646Z", "user": 2, "content_type": 15, "object_id": "88", "object_repr": "ICA Albert - INSPIRE", "action_flag": 3, "change_message": ""}}, {"model": "admin.logentry", "pk": 1200, "fields": {"action_time": "2019-03-19T08:03:50.654Z", "user": 2, "content_type": 15, "object_id": "87", "object_repr": "Deal", "action_flag": 3, "change_message": ""}}, {"model": "admin.logentry", "pk": 1201, "fields": {"action_time": "2019-03-19T08:03:50.661Z", "user": 2, "content_type": 15, "object_id": "86", "object_repr": "Architecture Excellence Initiatives", "action_flag": 3, "change_message": ""}}, {"model": "admin.logentry", "pk": 1202, "fields": {"action_time": "2019-03-19T08:03:50.669Z", "user": 2, "content_type": 15, "object_id": "85", "object_repr": "AYBH9001 - Sow 49 Surge (London)", "action_flag": 3, "change_message": ""}}, {"model": "admin.logentry", "pk": 1203, "fields": {"action_time": "2019-03-19T08:03:50.678Z", "user": 2, "content_type": 15, "object_id": "84", "object_repr": "10895348 - BB Business Alignment", "action_flag": 3, "change_message": ""}}, {"model": "admin.logentry", "pk": 1204, "fields": {"action_time": "2019-03-19T08:03:50.686Z", "user": 2, "content_type": 15, "object_id": "83", "object_repr": "9940262393 - NEG Blue Bird", "action_flag": 3, "change_message": ""}}, {"model": "admin.logentry", "pk": 1205, "fields": {"action_time": "2019-03-19T08:03:50.692Z", "user": 2, "content_type": 15, "object_id": "82", "object_repr": "9940271154 - SKY CAELUM 4400", "action_flag": 3, "change_message": ""}}, {"model": "admin.logentry", "pk": 1206, "fields": {"action_time": "2019-03-19T08:03:50.699Z", "user": 2, "content_type": 15, "object_id": "81", "object_repr": "9940206393 - SKY IDS Burst", "action_flag": 3, "change_message": ""}}, {"model": "admin.logentry", "pk": 1207, "fields": {"action_time": "2019-03-19T08:03:50.706Z", "user": 2, "content_type": 15, "object_id": "80", "object_repr": "9940271708 - WSIG-PM Network - phase II_", "action_flag": 3, "change_message": ""}}, {"model": "admin.logentry", "pk": 1208, "fields": {"action_time": "2019-03-19T08:03:50.712Z", "user": 2, "content_type": 15, "object_id": "79", "object_repr": "PM Key Projects Stream", "action_flag": 3, "change_message": ""}}, {"model": "admin.logentry", "pk": 1209, "fields": {"action_time": "2019-03-19T08:03:50.720Z", "user": 2, "content_type": 15, "object_id": "78", "object_repr": "9940280302 - Sky Q Governance Jul-Sep201", "action_flag": 3, "change_message": ""}}, {"model": "admin.logentry", "pk": 1210, "fields": {"action_time": "2019-03-19T08:03:50.726Z", "user": 2, "content_type": 15, "object_id": "77", "object_repr": "9940232806 - NEG - NEW PRJ SIEBEL", "action_flag": 3, "change_message": ""}}, {"model": "admin.logentry", "pk": 1211, "fields": {"action_time": "2019-03-19T08:03:50.733Z", "user": 2, "content_type": 15, "object_id": "76", "object_repr": "9940247993 - NEG SKY CAELUM", "action_flag": 3, "change_message": ""}}, {"model": "admin.logentry", "pk": 1212, "fields": {"action_time": "2019-03-19T08:03:50.742Z", "user": 2, "content_type": 15, "object_id": "75", "object_repr": "PM Key Projects Followup", "action_flag": 3, "change_message": ""}}, {"model": "admin.logentry", "pk": 1213, "fields": {"action_time": "2019-03-19T08:03:50.749Z", "user": 2, "content_type": 15, "object_id": "74", "object_repr": "WSIG-Optimus - AD/AM Outsource core deal", "action_flag": 3, "change_message": ""}}, {"model": "admin.logentry", "pk": 1214, "fields": {"action_time": "2019-03-19T08:03:50.757Z", "user": 2, "content_type": 15, "object_id": "73", "object_repr": "SKY IDS Burst", "action_flag": 3, "change_message": ""}}, {"model": "admin.logentry", "pk": 1215, "fields": {"action_time": "2019-03-19T08:03:50.763Z", "user": 2, "content_type": 15, "object_id": "72", "object_repr": "EALA_Network_Test", "action_flag": 3, "change_message": ""}}, {"model": "admin.logentry", "pk": 1216, "fields": {"action_time": "2019-03-19T08:18:14.958Z", "user": 2, "content_type": 23, "object_id": "9", "object_repr": "EtlTask object (9)", "action_flag": 1, "change_message": "[{\"added\": {}}]"}}, {"model": "admin.logentry", "pk": 1217, "fields": {"action_time": "2019-03-19T08:45:28.955Z", "user": 2, "content_type": 18, "object_id": "2", "object_repr": "CRM BI", "action_flag": 1, "change_message": "[{\"added\": {}}, {\"added\": {\"name\": \"campaign attachment\", \"object\": \"CRM BI\"}}, {\"added\": {\"name\": \"Template property\", \"object\": \"title\"}}, {\"added\": {\"name\": \"Template property\", \"object\": \"footer\"}}, {\"added\": {\"name\": \"Template property\", \"object\": \"description\"}}, {\"added\": {\"name\": \"Template property\", \"object\": \"greetings\"}}, {\"added\": {\"name\": \"Template property\", \"object\": \"body_roles\"}}, {\"added\": {\"name\": \"Template property\", \"object\": \"body_role\"}}, {\"added\": {\"name\": \"Template property\", \"object\": \"body_roles_html\"}}, {\"added\": {\"name\": \"Template property\", \"object\": \"description_html\"}}, {\"added\": {\"name\": \"Template property\", \"object\": \"footer_html\"}}, {\"added\": {\"name\": \"Trigger\", \"object\": \"<Predicate> New contacts only\"}}, {\"added\": {\"name\": \"Trigger\", \"object\": \"<Predicate> SF Oracle BI - Augusta\"}}, {\"added\": {\"name\": \"campaign post action\", \"object\": \"<Post Action> mark contact as active\"}}]"}}, {"model": "admin.logentry", "pk": 1218, "fields": {"action_time": "2019-03-19T08:57:33.945Z", "user": 2, "content_type": 18, "object_id": "2", "object_repr": "CRM BI", "action_flag": 2, "change_message": "[{\"changed\": {\"name\": \"Template property\", \"object\": \"footer_html\", \"fields\": [\"value\"]}}]"}}, {"model": "admin.logentry", "pk": 1219, "fields": {"action_time": "2019-03-20T08:17:57.612Z", "user": 2, "content_type": 18, "object_id": "2", "object_repr": "CRM BI", "action_flag": 2, "change_message": "[{\"changed\": {\"name\": \"Template property\", \"object\": \"body_roles\", \"fields\": [\"value\"]}}, {\"changed\": {\"name\": \"Template property\", \"object\": \"body_roles_html\", \"fields\": [\"value\"]}}, {\"added\": {\"name\": \"Trigger\", \"object\": \"<Predicate> Only primary contacts\"}}]"}}, {"model": "admin.logentry", "pk": 1220, "fields": {"action_time": "2019-03-20T08:23:42.607Z", "user": 2, "content_type": 18, "object_id": "2", "object_repr": "CRM BI", "action_flag": 2, "change_message": "[{\"changed\": {\"fields\": [\"template\"]}}, {\"changed\": {\"name\": \"Template property\", \"object\": \"body_roles_html\", \"fields\": [\"value\"]}}]"}}, {"model": "admin.logentry", "pk": 1221, "fields": {"action_time": "2019-03-20T08:24:28.321Z", "user": 2, "content_type": 14, "object_id": "338", "object_repr": "inigo lana ruiz", "action_flag": 3, "change_message": ""}}, {"model": "admin.logentry", "pk": 1222, "fields": {"action_time": "2019-03-20T08:24:28.328Z", "user": 2, "content_type": 14, "object_id": "337", "object_repr": "matthieu tirroloni", "action_flag": 3, "change_message": ""}}, {"model": "admin.logentry", "pk": 1223, "fields": {"action_time": "2019-03-20T08:24:28.336Z", "user": 2, "content_type": 14, "object_id": "336", "object_repr": "cyril bonnet", "action_flag": 3, "change_message": ""}}, {"model": "admin.logentry", "pk": 1224, "fields": {"action_time": "2019-03-20T08:24:28.347Z", "user": 2, "content_type": 14, "object_id": "335", "object_repr": "simeon moss", "action_flag": 3, "change_message": ""}}, {"model": "admin.logentry", "pk": 1225, "fields": {"action_time": "2019-03-20T08:24:28.357Z", "user": 2, "content_type": 14, "object_id": "334", "object_repr": "charmian choo", "action_flag": 3, "change_message": ""}}, {"model": "admin.logentry", "pk": 1226, "fields": {"action_time": "2019-03-20T08:24:28.368Z", "user": 2, "content_type": 14, "object_id": "333", "object_repr": "mikhail patsev", "action_flag": 3, "change_message": ""}}, {"model": "admin.logentry", "pk": 1227, "fields": {"action_time": "2019-03-20T08:24:28.375Z", "user": 2, "content_type": 14, "object_id": "332", "object_repr": "maria odukoya", "action_flag": 3, "change_message": ""}}, {"model": "admin.logentry", "pk": 1228, "fields": {"action_time": "2019-03-20T08:24:28.383Z", "user": 2, "content_type": 14, "object_id": "331", "object_repr": "amy sillitoe", "action_flag": 3, "change_message": ""}}, {"model": "admin.logentry", "pk": 1229, "fields": {"action_time": "2019-03-20T08:24:28.389Z", "user": 2, "content_type": 14, "object_id": "330", "object_repr": "jo knibbs", "action_flag": 3, "change_message": ""}}, {"model": "admin.logentry", "pk": 1230, "fields": {"action_time": "2019-03-20T08:24:28.395Z", "user": 2, "content_type": 14, "object_id": "329", "object_repr": "gregor meyer", "action_flag": 3, "change_message": ""}}, {"model": "admin.logentry", "pk": 1231, "fields": {"action_time": "2019-03-20T08:24:28.403Z", "user": 2, "content_type": 14, "object_id": "328", "object_repr": "uwe nowak", "action_flag": 3, "change_message": ""}}, {"model": "admin.logentry", "pk": 1232, "fields": {"action_time": "2019-03-20T08:24:28.417Z", "user": 2, "content_type": 14, "object_id": "327", "object_repr": "stefan hegenbart", "action_flag": 3, "change_message": ""}}, {"model": "admin.logentry", "pk": 1233, "fields": {"action_time": "2019-03-20T08:24:28.427Z", "user": 2, "content_type": 14, "object_id": "326", "object_repr": "taru karppi", "action_flag": 3, "change_message": ""}}, {"model": "admin.logentry", "pk": 1234, "fields": {"action_time": "2019-03-20T08:24:28.435Z", "user": 2, "content_type": 14, "object_id": "325", "object_repr": "bruno mann", "action_flag": 3, "change_message": ""}}, {"model": "admin.logentry", "pk": 1235, "fields": {"action_time": "2019-03-20T08:24:28.442Z", "user": 2, "content_type": 14, "object_id": "324", "object_repr": "jacek rozen", "action_flag": 3, "change_message": ""}}, {"model": "admin.logentry", "pk": 1236, "fields": {"action_time": "2019-03-20T08:24:28.448Z", "user": 2, "content_type": 14, "object_id": "323", "object_repr": "nurkan elmas", "action_flag": 3, "change_message": ""}}, {"model": "admin.logentry", "pk": 1237, "fields": {"action_time": "2019-03-20T08:24:28.455Z", "user": 2, "content_type": 14, "object_id": "322", "object_repr": "maximilian kuhn", "action_flag": 3, "change_message": ""}}, {"model": "admin.logentry", "pk": 1238, "fields": {"action_time": "2019-03-20T08:24:28.462Z", "user": 2, "content_type": 14, "object_id": "321", "object_repr": "hans-peter erl", "action_flag": 3, "change_message": ""}}, {"model": "admin.logentry", "pk": 1239, "fields": {"action_time": "2019-03-20T08:24:28.469Z", "user": 2, "content_type": 14, "object_id": "320", "object_repr": "natasha miller", "action_flag": 3, "change_message": ""}}, {"model": "admin.logentry", "pk": 1240, "fields": {"action_time": "2019-03-20T08:24:28.483Z", "user": 2, "content_type": 14, "object_id": "319", "object_repr": "vidhi gureja", "action_flag": 3, "change_message": ""}}, {"model": "admin.logentry", "pk": 1241, "fields": {"action_time": "2019-03-20T08:24:28.492Z", "user": 2, "content_type": 14, "object_id": "318", "object_repr": "harish nagarajan", "action_flag": 3, "change_message": ""}}, {"model": "admin.logentry", "pk": 1242, "fields": {"action_time": "2019-03-20T08:24:28.502Z", "user": 2, "content_type": 14, "object_id": "317", "object_repr": "Shyamji   Gupta", "action_flag": 3, "change_message": ""}}, {"model": "admin.logentry", "pk": 1243, "fields": {"action_time": "2019-03-20T08:24:28.508Z", "user": 2, "content_type": 14, "object_id": "316", "object_repr": "Mary Joyce Pagulayan Miranda", "action_flag": 3, "change_message": ""}}, {"model": "admin.logentry", "pk": 1244, "fields": {"action_time": "2019-03-20T08:24:28.515Z", "user": 2, "content_type": 14, "object_id": "315", "object_repr": "Rodel Del Carmen Torralba", "action_flag": 3, "change_message": ""}}, {"model": "admin.logentry", "pk": 1245, "fields": {"action_time": "2019-03-20T08:24:28.522Z", "user": 2, "content_type": 14, "object_id": "314", "object_repr": "Michael Allan Jimenez Amorin", "action_flag": 3, "change_message": ""}}, {"model": "admin.logentry", "pk": 1246, "fields": {"action_time": "2019-03-20T08:24:28.530Z", "user": 2, "content_type": 14, "object_id": "313", "object_repr": "Jefferson Ang Co", "action_flag": 3, "change_message": ""}}, {"model": "admin.logentry", "pk": 1247, "fields": {"action_time": "2019-03-20T08:24:28.538Z", "user": 2, "content_type": 14, "object_id": "312", "object_repr": "Cristopher Dimaapi Bernardo", "action_flag": 3, "change_message": ""}}, {"model": "admin.logentry", "pk": 1248, "fields": {"action_time": "2019-03-20T08:24:43.473Z", "user": 2, "content_type": 15, "object_id": "238", "object_repr": "0010692413 customer hub", "action_flag": 3, "change_message": ""}}, {"model": "admin.logentry", "pk": 1249, "fields": {"action_time": "2019-03-20T08:24:43.515Z", "user": 2, "content_type": 15, "object_id": "237", "object_repr": "GPAP - DanIS", "action_flag": 3, "change_message": ""}}, {"model": "admin.logentry", "pk": 1250, "fields": {"action_time": "2019-03-20T08:24:43.526Z", "user": 2, "content_type": 15, "object_id": "236", "object_repr": "9940270298- IEP 2018 WP3", "action_flag": 3, "change_message": ""}}, {"model": "admin.logentry", "pk": 1251, "fields": {"action_time": "2019-03-20T08:24:43.537Z", "user": 2, "content_type": 15, "object_id": "235", "object_repr": "Bank of Ireland AM UKI", "action_flag": 3, "change_message": ""}}, {"model": "admin.logentry", "pk": 1252, "fields": {"action_time": "2019-03-20T08:24:43.571Z", "user": 2, "content_type": 15, "object_id": "234", "object_repr": "Resource Augmentation", "action_flag": 3, "change_message": ""}}, {"model": "admin.logentry", "pk": 1253, "fields": {"action_time": "2019-03-20T08:24:43.582Z", "user": 2, "content_type": 15, "object_id": "233", "object_repr": "9940173011 - KfW - WP1 - IT Risk (RMP)", "action_flag": 3, "change_message": ""}}, {"model": "admin.logentry", "pk": 1254, "fields": {"action_time": "2019-03-20T08:24:43.601Z", "user": 2, "content_type": 15, "object_id": "232", "object_repr": "9940145503 - KFW - IT Panel WP 1 - Melde", "action_flag": 3, "change_message": ""}}, {"model": "admin.logentry", "pk": 1255, "fields": {"action_time": "2019-03-20T08:24:43.611Z", "user": 2, "content_type": 15, "object_id": "231", "object_repr": "S Group", "action_flag": 3, "change_message": ""}}, {"model": "admin.logentry", "pk": 1256, "fields": {"action_time": "2019-03-20T08:24:43.624Z", "user": 2, "content_type": 15, "object_id": "230", "object_repr": "9940290540 - DWH Implementation SOW011", "action_flag": 3, "change_message": ""}}, {"model": "admin.logentry", "pk": 1257, "fields": {"action_time": "2019-03-20T08:24:43.633Z", "user": 2, "content_type": 15, "object_id": "229", "object_repr": "9940184499 - FDW - Deployment Processes", "action_flag": 3, "change_message": ""}}, {"model": "admin.logentry", "pk": 1258, "fields": {"action_time": "2019-03-20T08:24:43.644Z", "user": 2, "content_type": 15, "object_id": "228", "object_repr": "9940117374 SAP_Marketing Automation", "action_flag": 3, "change_message": ""}}, {"model": "admin.logentry", "pk": 1259, "fields": {"action_time": "2019-03-20T08:24:43.656Z", "user": 2, "content_type": 15, "object_id": "227", "object_repr": "Group Application Development and Manage", "action_flag": 3, "change_message": ""}}, {"model": "admin.logentry", "pk": 1260, "fields": {"action_time": "2019-03-20T08:24:43.687Z", "user": 2, "content_type": 15, "object_id": "226", "object_repr": "Axa-FRA - AXA Group IFRS17 CSM tool", "action_flag": 3, "change_message": ""}}, {"model": "admin.logentry", "pk": 1261, "fields": {"action_time": "2019-03-20T08:24:43.695Z", "user": 2, "content_type": 15, "object_id": "225", "object_repr": "Strategic KYC 2011", "action_flag": 3, "change_message": ""}}, {"model": "admin.logentry", "pk": 1262, "fields": {"action_time": "2019-03-20T08:24:43.705Z", "user": 2, "content_type": 15, "object_id": "224", "object_repr": "Payment : Urgent Payments / C2P", "action_flag": 3, "change_message": ""}}, {"model": "admin.logentry", "pk": 1263, "fields": {"action_time": "2019-03-20T08:24:43.717Z", "user": 2, "content_type": 15, "object_id": "223", "object_repr": "Airbus ARP Migration Wave 3", "action_flag": 3, "change_message": ""}}, {"model": "admin.logentry", "pk": 1264, "fields": {"action_time": "2019-03-20T08:24:43.725Z", "user": 2, "content_type": 15, "object_id": "222", "object_repr": "SAFiR", "action_flag": 3, "change_message": ""}}, {"model": "admin.logentry", "pk": 1265, "fields": {"action_time": "2019-03-20T08:24:43.733Z", "user": 2, "content_type": 15, "object_id": "221", "object_repr": "SF - PRD - Testing - Coty", "action_flag": 3, "change_message": ""}}, {"model": "admin.logentry", "pk": 1266, "fields": {"action_time": "2019-03-20T08:24:43.742Z", "user": 2, "content_type": 15, "object_id": "220", "object_repr": "SAP IPS CoE - Dev - SAP SE (SalesCloud)", "action_flag": 3, "change_message": ""}}, {"model": "admin.logentry", "pk": 1267, "fields": {"action_time": "2019-03-20T08:24:43.753Z", "user": 2, "content_type": 15, "object_id": "219", "object_repr": "SF Oracle BI - Augusta", "action_flag": 3, "change_message": ""}}, {"model": "admin.logentry", "pk": 1268, "fields": {"action_time": "2019-03-20T08:25:28.443Z", "user": 2, "content_type": 23, "object_id": "10", "object_repr": "EtlTask object (10)", "action_flag": 1, "change_message": "[{\"added\": {}}]"}}, {"model": "admin.logentry", "pk": 1269, "fields": {"action_time": "2019-03-20T08:39:22.229Z", "user": 2, "content_type": 18, "object_id": "2", "object_repr": "CRM BI", "action_flag": 2, "change_message": "[{\"changed\": {\"name\": \"Template property\", \"object\": \"footer_html\", \"fields\": [\"value\"]}}]"}}, {"model": "admin.logentry", "pk": 1270, "fields": {"action_time": "2019-03-20T08:39:53.585Z", "user": 2, "content_type": 14, "object_id": "365", "object_repr": "inigo lana ruiz", "action_flag": 3, "change_message": ""}}, {"model": "admin.logentry", "pk": 1271, "fields": {"action_time": "2019-03-20T08:39:53.592Z", "user": 2, "content_type": 14, "object_id": "364", "object_repr": "matthieu tirroloni", "action_flag": 3, "change_message": ""}}, {"model": "admin.logentry", "pk": 1272, "fields": {"action_time": "2019-03-20T08:39:53.600Z", "user": 2, "content_type": 14, "object_id": "363", "object_repr": "cyril bonnet", "action_flag": 3, "change_message": ""}}, {"model": "admin.logentry", "pk": 1273, "fields": {"action_time": "2019-03-20T08:39:53.613Z", "user": 2, "content_type": 14, "object_id": "362", "object_repr": "simeon moss", "action_flag": 3, "change_message": ""}}, {"model": "admin.logentry", "pk": 1274, "fields": {"action_time": "2019-03-20T08:39:53.624Z", "user": 2, "content_type": 14, "object_id": "361", "object_repr": "charmian choo", "action_flag": 3, "change_message": ""}}, {"model": "admin.logentry", "pk": 1275, "fields": {"action_time": "2019-03-20T08:39:53.635Z", "user": 2, "content_type": 14, "object_id": "360", "object_repr": "mikhail patsev", "action_flag": 3, "change_message": ""}}, {"model": "admin.logentry", "pk": 1276, "fields": {"action_time": "2019-03-20T08:39:53.643Z", "user": 2, "content_type": 14, "object_id": "359", "object_repr": "maria odukoya", "action_flag": 3, "change_message": ""}}, {"model": "admin.logentry", "pk": 1277, "fields": {"action_time": "2019-03-20T08:39:53.651Z", "user": 2, "content_type": 14, "object_id": "358", "object_repr": "amy sillitoe", "action_flag": 3, "change_message": ""}}, {"model": "admin.logentry", "pk": 1278, "fields": {"action_time": "2019-03-20T08:39:53.658Z", "user": 2, "content_type": 14, "object_id": "357", "object_repr": "jo knibbs", "action_flag": 3, "change_message": ""}}, {"model": "admin.logentry", "pk": 1279, "fields": {"action_time": "2019-03-20T08:39:53.665Z", "user": 2, "content_type": 14, "object_id": "356", "object_repr": "gregor meyer", "action_flag": 3, "change_message": ""}}, {"model": "admin.logentry", "pk": 1280, "fields": {"action_time": "2019-03-20T08:39:53.678Z", "user": 2, "content_type": 14, "object_id": "355", "object_repr": "uwe nowak", "action_flag": 3, "change_message": ""}}, {"model": "admin.logentry", "pk": 1281, "fields": {"action_time": "2019-03-20T08:39:53.694Z", "user": 2, "content_type": 14, "object_id": "354", "object_repr": "stefan hegenbart", "action_flag": 3, "change_message": ""}}, {"model": "admin.logentry", "pk": 1282, "fields": {"action_time": "2019-03-20T08:39:53.704Z", "user": 2, "content_type": 14, "object_id": "353", "object_repr": "taru karppi", "action_flag": 3, "change_message": ""}}, {"model": "admin.logentry", "pk": 1283, "fields": {"action_time": "2019-03-20T08:39:53.712Z", "user": 2, "content_type": 14, "object_id": "352", "object_repr": "bruno mann", "action_flag": 3, "change_message": ""}}, {"model": "admin.logentry", "pk": 1284, "fields": {"action_time": "2019-03-20T08:39:53.720Z", "user": 2, "content_type": 14, "object_id": "351", "object_repr": "jacek rozen", "action_flag": 3, "change_message": ""}}, {"model": "admin.logentry", "pk": 1285, "fields": {"action_time": "2019-03-20T08:39:53.728Z", "user": 2, "content_type": 14, "object_id": "350", "object_repr": "nurkan elmas", "action_flag": 3, "change_message": ""}}, {"model": "admin.logentry", "pk": 1286, "fields": {"action_time": "2019-03-20T08:39:53.740Z", "user": 2, "content_type": 14, "object_id": "349", "object_repr": "maximilian kuhn", "action_flag": 3, "change_message": ""}}, {"model": "admin.logentry", "pk": 1287, "fields": {"action_time": "2019-03-20T08:39:53.758Z", "user": 2, "content_type": 14, "object_id": "348", "object_repr": "hans-peter erl", "action_flag": 3, "change_message": ""}}, {"model": "admin.logentry", "pk": 1288, "fields": {"action_time": "2019-03-20T08:39:53.773Z", "user": 2, "content_type": 14, "object_id": "347", "object_repr": "natasha miller", "action_flag": 3, "change_message": ""}}, {"model": "admin.logentry", "pk": 1289, "fields": {"action_time": "2019-03-20T08:39:53.781Z", "user": 2, "content_type": 14, "object_id": "346", "object_repr": "vidhi gureja", "action_flag": 3, "change_message": ""}}, {"model": "admin.logentry", "pk": 1290, "fields": {"action_time": "2019-03-20T08:39:53.789Z", "user": 2, "content_type": 14, "object_id": "345", "object_repr": "harish nagarajan", "action_flag": 3, "change_message": ""}}, {"model": "admin.logentry", "pk": 1291, "fields": {"action_time": "2019-03-20T08:39:53.797Z", "user": 2, "content_type": 14, "object_id": "344", "object_repr": "Shyamji   Gupta", "action_flag": 3, "change_message": ""}}, {"model": "admin.logentry", "pk": 1292, "fields": {"action_time": "2019-03-20T08:39:53.812Z", "user": 2, "content_type": 14, "object_id": "343", "object_repr": "Mary Joyce Pagulayan Miranda", "action_flag": 3, "change_message": ""}}, {"model": "admin.logentry", "pk": 1293, "fields": {"action_time": "2019-03-20T08:39:53.839Z", "user": 2, "content_type": 14, "object_id": "342", "object_repr": "Rodel Del Carmen Torralba", "action_flag": 3, "change_message": ""}}, {"model": "admin.logentry", "pk": 1294, "fields": {"action_time": "2019-03-20T08:39:53.858Z", "user": 2, "content_type": 14, "object_id": "341", "object_repr": "Michael Allan Jimenez Amorin", "action_flag": 3, "change_message": ""}}, {"model": "admin.logentry", "pk": 1295, "fields": {"action_time": "2019-03-20T08:39:53.874Z", "user": 2, "content_type": 14, "object_id": "340", "object_repr": "Jefferson Ang Co", "action_flag": 3, "change_message": ""}}, {"model": "admin.logentry", "pk": 1296, "fields": {"action_time": "2019-03-20T08:39:53.888Z", "user": 2, "content_type": 14, "object_id": "339", "object_repr": "Cristopher Dimaapi Bernardo", "action_flag": 3, "change_message": ""}}, {"model": "admin.logentry", "pk": 1297, "fields": {"action_time": "2019-03-20T08:40:10.386Z", "user": 2, "content_type": 15, "object_id": "258", "object_repr": "0010692413 customer hub", "action_flag": 3, "change_message": ""}}, {"model": "admin.logentry", "pk": 1298, "fields": {"action_time": "2019-03-20T08:40:10.393Z", "user": 2, "content_type": 15, "object_id": "257", "object_repr": "GPAP - DanIS", "action_flag": 3, "change_message": ""}}, {"model": "admin.logentry", "pk": 1299, "fields": {"action_time": "2019-03-20T08:40:10.401Z", "user": 2, "content_type": 15, "object_id": "256", "object_repr": "9940270298- IEP 2018 WP3", "action_flag": 3, "change_message": ""}}, {"model": "admin.logentry", "pk": 1300, "fields": {"action_time": "2019-03-20T08:40:10.415Z", "user": 2, "content_type": 15, "object_id": "255", "object_repr": "Bank of Ireland AM UKI", "action_flag": 3, "change_message": ""}}, {"model": "admin.logentry", "pk": 1301, "fields": {"action_time": "2019-03-20T08:40:10.429Z", "user": 2, "content_type": 15, "object_id": "254", "object_repr": "Resource Augmentation", "action_flag": 3, "change_message": ""}}, {"model": "admin.logentry", "pk": 1302, "fields": {"action_time": "2019-03-20T08:40:10.439Z", "user": 2, "content_type": 15, "object_id": "253", "object_repr": "9940173011 - KfW - WP1 - IT Risk (RMP)", "action_flag": 3, "change_message": ""}}, {"model": "admin.logentry", "pk": 1303, "fields": {"action_time": "2019-03-20T08:40:10.447Z", "user": 2, "content_type": 15, "object_id": "252", "object_repr": "9940145503 - KFW - IT Panel WP 1 - Melde", "action_flag": 3, "change_message": ""}}, {"model": "admin.logentry", "pk": 1304, "fields": {"action_time": "2019-03-20T08:40:10.455Z", "user": 2, "content_type": 15, "object_id": "251", "object_repr": "S Group", "action_flag": 3, "change_message": ""}}, {"model": "admin.logentry", "pk": 1305, "fields": {"action_time": "2019-03-20T08:40:10.463Z", "user": 2, "content_type": 15, "object_id": "250", "object_repr": "9940290540 - DWH Implementation SOW011", "action_flag": 3, "change_message": ""}}, {"model": "admin.logentry", "pk": 1306, "fields": {"action_time": "2019-03-20T08:40:10.471Z", "user": 2, "content_type": 15, "object_id": "249", "object_repr": "9940184499 - FDW - Deployment Processes", "action_flag": 3, "change_message": ""}}, {"model": "admin.logentry", "pk": 1307, "fields": {"action_time": "2019-03-20T08:40:10.485Z", "user": 2, "content_type": 15, "object_id": "248", "object_repr": "9940117374 SAP_Marketing Automation", "action_flag": 3, "change_message": ""}}, {"model": "admin.logentry", "pk": 1308, "fields": {"action_time": "2019-03-20T08:40:10.512Z", "user": 2, "content_type": 15, "object_id": "247", "object_repr": "Group Application Development and Manage", "action_flag": 3, "change_message": ""}}, {"model": "admin.logentry", "pk": 1309, "fields": {"action_time": "2019-03-20T08:40:10.526Z", "user": 2, "content_type": 15, "object_id": "246", "object_repr": "Axa-FRA - AXA Group IFRS17 CSM tool", "action_flag": 3, "change_message": ""}}, {"model": "admin.logentry", "pk": 1310, "fields": {"action_time": "2019-03-20T08:40:10.534Z", "user": 2, "content_type": 15, "object_id": "245", "object_repr": "Strategic KYC 2011", "action_flag": 3, "change_message": ""}}, {"model": "admin.logentry", "pk": 1311, "fields": {"action_time": "2019-03-20T08:40:10.548Z", "user": 2, "content_type": 15, "object_id": "244", "object_repr": "Payment : Urgent Payments / C2P", "action_flag": 3, "change_message": ""}}, {"model": "admin.logentry", "pk": 1312, "fields": {"action_time": "2019-03-20T08:40:10.562Z", "user": 2, "content_type": 15, "object_id": "243", "object_repr": "Airbus ARP Migration Wave 3", "action_flag": 3, "change_message": ""}}, {"model": "admin.logentry", "pk": 1313, "fields": {"action_time": "2019-03-20T08:40:10.570Z", "user": 2, "content_type": 15, "object_id": "242", "object_repr": "SAFiR", "action_flag": 3, "change_message": ""}}, {"model": "admin.logentry", "pk": 1314, "fields": {"action_time": "2019-03-20T08:40:10.577Z", "user": 2, "content_type": 15, "object_id": "241", "object_repr": "SF - PRD - Testing - Coty", "action_flag": 3, "change_message": ""}}, {"model": "admin.logentry", "pk": 1315, "fields": {"action_time": "2019-03-20T08:40:10.585Z", "user": 2, "content_type": 15, "object_id": "240", "object_repr": "SAP IPS CoE - Dev - SAP SE (SalesCloud)", "action_flag": 3, "change_message": ""}}, {"model": "admin.logentry", "pk": 1316, "fields": {"action_time": "2019-03-20T08:40:10.593Z", "user": 2, "content_type": 15, "object_id": "239", "object_repr": "SF Oracle BI - Augusta", "action_flag": 3, "change_message": ""}}, {"model": "admin.logentry", "pk": 1317, "fields": {"action_time": "2019-03-20T08:40:32.752Z", "user": 2, "content_type": 23, "object_id": "11", "object_repr": "EtlTask object (11)", "action_flag": 1, "change_message": "[{\"added\": {}}]"}}, {"model": "admin.logentry", "pk": 1318, "fields": {"action_time": "2019-03-20T10:44:04.495Z", "user": 2, "content_type": 18, "object_id": "2", "object_repr": "CRM BI", "action_flag": 2, "change_message": "[{\"changed\": {\"name\": \"campaign attachment\", \"object\": \"CRM BI\", \"fields\": [\"attachment\"]}}, {\"changed\": {\"name\": \"Template property\", \"object\": \"footer_html\", \"fields\": [\"value\"]}}, {\"deleted\": {\"name\": \"campaign post action\", \"object\": \"<Post Action> mark contact as active\"}}]"}}, {"model": "admin.logentry", "pk": 1319, "fields": {"action_time": "2019-03-20T10:44:46.332Z", "user": 2, "content_type": 23, "object_id": "12", "object_repr": "EtlTask object (12)", "action_flag": 1, "change_message": "[{\"added\": {}}]"}}, {"model": "admin.logentry", "pk": 1320, "fields": {"action_time": "2019-03-20T10:45:08.641Z", "user": 2, "content_type": 15, "object_id": "278", "object_repr": "0010692413 customer hub", "action_flag": 3, "change_message": ""}}, {"model": "admin.logentry", "pk": 1321, "fields": {"action_time": "2019-03-20T10:45:08.652Z", "user": 2, "content_type": 15, "object_id": "277", "object_repr": "GPAP - DanIS", "action_flag": 3, "change_message": ""}}, {"model": "admin.logentry", "pk": 1322, "fields": {"action_time": "2019-03-20T10:45:08.662Z", "user": 2, "content_type": 15, "object_id": "276", "object_repr": "9940270298- IEP 2018 WP3", "action_flag": 3, "change_message": ""}}, {"model": "admin.logentry", "pk": 1323, "fields": {"action_time": "2019-03-20T10:45:08.671Z", "user": 2, "content_type": 15, "object_id": "275", "object_repr": "Bank of Ireland AM UKI", "action_flag": 3, "change_message": ""}}, {"model": "admin.logentry", "pk": 1324, "fields": {"action_time": "2019-03-20T10:45:08.681Z", "user": 2, "content_type": 15, "object_id": "274", "object_repr": "Resource Augmentation", "action_flag": 3, "change_message": ""}}, {"model": "admin.logentry", "pk": 1325, "fields": {"action_time": "2019-03-20T10:45:08.691Z", "user": 2, "content_type": 15, "object_id": "273", "object_repr": "9940173011 - KfW - WP1 - IT Risk (RMP)", "action_flag": 3, "change_message": ""}}, {"model": "admin.logentry", "pk": 1326, "fields": {"action_time": "2019-03-20T10:45:08.703Z", "user": 2, "content_type": 15, "object_id": "272", "object_repr": "9940145503 - KFW - IT Panel WP 1 - Melde", "action_flag": 3, "change_message": ""}}, {"model": "admin.logentry", "pk": 1327, "fields": {"action_time": "2019-03-20T10:45:08.712Z", "user": 2, "content_type": 15, "object_id": "271", "object_repr": "S Group", "action_flag": 3, "change_message": ""}}, {"model": "admin.logentry", "pk": 1328, "fields": {"action_time": "2019-03-20T10:45:08.722Z", "user": 2, "content_type": 15, "object_id": "270", "object_repr": "9940290540 - DWH Implementation SOW011", "action_flag": 3, "change_message": ""}}, {"model": "admin.logentry", "pk": 1329, "fields": {"action_time": "2019-03-20T10:45:08.732Z", "user": 2, "content_type": 15, "object_id": "269", "object_repr": "9940184499 - FDW - Deployment Processes", "action_flag": 3, "change_message": ""}}, {"model": "admin.logentry", "pk": 1330, "fields": {"action_time": "2019-03-20T10:45:08.742Z", "user": 2, "content_type": 15, "object_id": "268", "object_repr": "9940117374 SAP_Marketing Automation", "action_flag": 3, "change_message": ""}}, {"model": "admin.logentry", "pk": 1331, "fields": {"action_time": "2019-03-20T10:45:08.752Z", "user": 2, "content_type": 15, "object_id": "267", "object_repr": "Group Application Development and Manage", "action_flag": 3, "change_message": ""}}, {"model": "admin.logentry", "pk": 1332, "fields": {"action_time": "2019-03-20T10:45:08.764Z", "user": 2, "content_type": 15, "object_id": "266", "object_repr": "Axa-FRA - AXA Group IFRS17 CSM tool", "action_flag": 3, "change_message": ""}}, {"model": "admin.logentry", "pk": 1333, "fields": {"action_time": "2019-03-20T10:45:08.773Z", "user": 2, "content_type": 15, "object_id": "265", "object_repr": "Strategic KYC 2011", "action_flag": 3, "change_message": ""}}, {"model": "admin.logentry", "pk": 1334, "fields": {"action_time": "2019-03-20T10:45:08.783Z", "user": 2, "content_type": 15, "object_id": "264", "object_repr": "Payment : Urgent Payments / C2P", "action_flag": 3, "change_message": ""}}, {"model": "admin.logentry", "pk": 1335, "fields": {"action_time": "2019-03-20T10:45:08.794Z", "user": 2, "content_type": 15, "object_id": "263", "object_repr": "Airbus ARP Migration Wave 3", "action_flag": 3, "change_message": ""}}, {"model": "admin.logentry", "pk": 1336, "fields": {"action_time": "2019-03-20T10:45:08.804Z", "user": 2, "content_type": 15, "object_id": "262", "object_repr": "SAFiR", "action_flag": 3, "change_message": ""}}, {"model": "admin.logentry", "pk": 1337, "fields": {"action_time": "2019-03-20T10:45:08.814Z", "user": 2, "content_type": 15, "object_id": "261", "object_repr": "SF - PRD - Testing - Coty", "action_flag": 3, "change_message": ""}}, {"model": "admin.logentry", "pk": 1338, "fields": {"action_time": "2019-03-20T10:45:08.825Z", "user": 2, "content_type": 15, "object_id": "260", "object_repr": "SAP IPS CoE - Dev - SAP SE (SalesCloud)", "action_flag": 3, "change_message": ""}}, {"model": "admin.logentry", "pk": 1339, "fields": {"action_time": "2019-03-20T10:45:08.836Z", "user": 2, "content_type": 15, "object_id": "259", "object_repr": "SF Oracle BI - Augusta", "action_flag": 3, "change_message": ""}}, {"model": "admin.logentry", "pk": 1340, "fields": {"action_time": "2019-03-20T10:45:23.254Z", "user": 2, "content_type": 23, "object_id": "12", "object_repr": "EtlTask object (12)", "action_flag": 2, "change_message": "[]"}}, {"model": "admin.logentry", "pk": 1341, "fields": {"action_time": "2019-03-20T10:47:13.158Z", "user": 2, "content_type": 18, "object_id": "2", "object_repr": "CRM BI", "action_flag": 2, "change_message": "[{\"changed\": {\"fields\": [\"html_template\"]}}]"}}, {"model": "admin.logentry", "pk": 1342, "fields": {"action_time": "2019-03-20T10:47:42.446Z", "user": 2, "content_type": 14, "object_id": "392", "object_repr": "inigo lana ruiz", "action_flag": 3, "change_message": ""}}, {"model": "admin.logentry", "pk": 1343, "fields": {"action_time": "2019-03-20T10:47:42.484Z", "user": 2, "content_type": 14, "object_id": "391", "object_repr": "matthieu tirroloni", "action_flag": 3, "change_message": ""}}, {"model": "admin.logentry", "pk": 1344, "fields": {"action_time": "2019-03-20T10:47:42.507Z", "user": 2, "content_type": 14, "object_id": "390", "object_repr": "cyril bonnet", "action_flag": 3, "change_message": ""}}, {"model": "admin.logentry", "pk": 1345, "fields": {"action_time": "2019-03-20T10:47:42.517Z", "user": 2, "content_type": 14, "object_id": "389", "object_repr": "simeon moss", "action_flag": 3, "change_message": ""}}, {"model": "admin.logentry", "pk": 1346, "fields": {"action_time": "2019-03-20T10:47:42.535Z", "user": 2, "content_type": 14, "object_id": "388", "object_repr": "charmian choo", "action_flag": 3, "change_message": ""}}, {"model": "admin.logentry", "pk": 1347, "fields": {"action_time": "2019-03-20T10:47:42.580Z", "user": 2, "content_type": 14, "object_id": "387", "object_repr": "mikhail patsev", "action_flag": 3, "change_message": ""}}, {"model": "admin.logentry", "pk": 1348, "fields": {"action_time": "2019-03-20T10:47:42.609Z", "user": 2, "content_type": 14, "object_id": "386", "object_repr": "maria odukoya", "action_flag": 3, "change_message": ""}}, {"model": "admin.logentry", "pk": 1349, "fields": {"action_time": "2019-03-20T10:47:42.672Z", "user": 2, "content_type": 14, "object_id": "385", "object_repr": "amy sillitoe", "action_flag": 3, "change_message": ""}}, {"model": "admin.logentry", "pk": 1350, "fields": {"action_time": "2019-03-20T10:47:42.684Z", "user": 2, "content_type": 14, "object_id": "384", "object_repr": "jo knibbs", "action_flag": 3, "change_message": ""}}, {"model": "admin.logentry", "pk": 1351, "fields": {"action_time": "2019-03-20T10:47:42.694Z", "user": 2, "content_type": 14, "object_id": "383", "object_repr": "gregor meyer", "action_flag": 3, "change_message": ""}}, {"model": "admin.logentry", "pk": 1352, "fields": {"action_time": "2019-03-20T10:47:42.808Z", "user": 2, "content_type": 14, "object_id": "382", "object_repr": "uwe nowak", "action_flag": 3, "change_message": ""}}, {"model": "admin.logentry", "pk": 1353, "fields": {"action_time": "2019-03-20T10:47:42.854Z", "user": 2, "content_type": 14, "object_id": "381", "object_repr": "stefan hegenbart", "action_flag": 3, "change_message": ""}}, {"model": "admin.logentry", "pk": 1354, "fields": {"action_time": "2019-03-20T10:47:42.896Z", "user": 2, "content_type": 14, "object_id": "380", "object_repr": "taru karppi", "action_flag": 3, "change_message": ""}}, {"model": "admin.logentry", "pk": 1355, "fields": {"action_time": "2019-03-20T10:47:42.944Z", "user": 2, "content_type": 14, "object_id": "379", "object_repr": "bruno mann", "action_flag": 3, "change_message": ""}}, {"model": "admin.logentry", "pk": 1356, "fields": {"action_time": "2019-03-20T10:47:42.956Z", "user": 2, "content_type": 14, "object_id": "378", "object_repr": "jacek rozen", "action_flag": 3, "change_message": ""}}, {"model": "admin.logentry", "pk": 1357, "fields": {"action_time": "2019-03-20T10:47:42.973Z", "user": 2, "content_type": 14, "object_id": "377", "object_repr": "nurkan elmas", "action_flag": 3, "change_message": ""}}, {"model": "admin.logentry", "pk": 1358, "fields": {"action_time": "2019-03-20T10:47:42.984Z", "user": 2, "content_type": 14, "object_id": "376", "object_repr": "maximilian kuhn", "action_flag": 3, "change_message": ""}}, {"model": "admin.logentry", "pk": 1359, "fields": {"action_time": "2019-03-20T10:47:43.014Z", "user": 2, "content_type": 14, "object_id": "375", "object_repr": "hans-peter erl", "action_flag": 3, "change_message": ""}}, {"model": "admin.logentry", "pk": 1360, "fields": {"action_time": "2019-03-20T10:47:43.024Z", "user": 2, "content_type": 14, "object_id": "374", "object_repr": "natasha miller", "action_flag": 3, "change_message": ""}}, {"model": "admin.logentry", "pk": 1361, "fields": {"action_time": "2019-03-20T10:47:43.033Z", "user": 2, "content_type": 14, "object_id": "373", "object_repr": "vidhi gureja", "action_flag": 3, "change_message": ""}}, {"model": "admin.logentry", "pk": 1362, "fields": {"action_time": "2019-03-20T10:47:43.043Z", "user": 2, "content_type": 14, "object_id": "372", "object_repr": "harish nagarajan", "action_flag": 3, "change_message": ""}}, {"model": "admin.logentry", "pk": 1363, "fields": {"action_time": "2019-03-20T10:47:43.076Z", "user": 2, "content_type": 14, "object_id": "371", "object_repr": "Shyamji   Gupta", "action_flag": 3, "change_message": ""}}, {"model": "admin.logentry", "pk": 1364, "fields": {"action_time": "2019-03-20T10:47:43.110Z", "user": 2, "content_type": 14, "object_id": "370", "object_repr": "Mary Joyce Pagulayan Miranda", "action_flag": 3, "change_message": ""}}, {"model": "admin.logentry", "pk": 1365, "fields": {"action_time": "2019-03-20T10:47:43.123Z", "user": 2, "content_type": 14, "object_id": "369", "object_repr": "Rodel Del Carmen Torralba", "action_flag": 3, "change_message": ""}}, {"model": "admin.logentry", "pk": 1366, "fields": {"action_time": "2019-03-20T10:47:43.148Z", "user": 2, "content_type": 14, "object_id": "368", "object_repr": "Michael Allan Jimenez Amorin", "action_flag": 3, "change_message": ""}}, {"model": "admin.logentry", "pk": 1367, "fields": {"action_time": "2019-03-20T10:47:43.158Z", "user": 2, "content_type": 14, "object_id": "367", "object_repr": "Jefferson Ang Co", "action_flag": 3, "change_message": ""}}, {"model": "admin.logentry", "pk": 1368, "fields": {"action_time": "2019-03-20T10:47:43.168Z", "user": 2, "content_type": 14, "object_id": "366", "object_repr": "Cristopher Dimaapi Bernardo", "action_flag": 3, "change_message": ""}}, {"model": "admin.logentry", "pk": 1369, "fields": {"action_time": "2019-03-20T10:47:57.709Z", "user": 2, "content_type": 15, "object_id": "298", "object_repr": "0010692413 customer hub", "action_flag": 3, "change_message": ""}}, {"model": "admin.logentry", "pk": 1370, "fields": {"action_time": "2019-03-20T10:47:57.722Z", "user": 2, "content_type": 15, "object_id": "297", "object_repr": "GPAP - DanIS", "action_flag": 3, "change_message": ""}}, {"model": "admin.logentry", "pk": 1371, "fields": {"action_time": "2019-03-20T10:47:57.732Z", "user": 2, "content_type": 15, "object_id": "296", "object_repr": "9940270298- IEP 2018 WP3", "action_flag": 3, "change_message": ""}}, {"model": "admin.logentry", "pk": 1372, "fields": {"action_time": "2019-03-20T10:47:57.745Z", "user": 2, "content_type": 15, "object_id": "295", "object_repr": "Bank of Ireland AM UKI", "action_flag": 3, "change_message": ""}}, {"model": "admin.logentry", "pk": 1373, "fields": {"action_time": "2019-03-20T10:47:57.757Z", "user": 2, "content_type": 15, "object_id": "294", "object_repr": "Resource Augmentation", "action_flag": 3, "change_message": ""}}, {"model": "admin.logentry", "pk": 1374, "fields": {"action_time": "2019-03-20T10:47:57.767Z", "user": 2, "content_type": 15, "object_id": "293", "object_repr": "9940173011 - KfW - WP1 - IT Risk (RMP)", "action_flag": 3, "change_message": ""}}, {"model": "admin.logentry", "pk": 1375, "fields": {"action_time": "2019-03-20T10:47:57.778Z", "user": 2, "content_type": 15, "object_id": "292", "object_repr": "9940145503 - KFW - IT Panel WP 1 - Melde", "action_flag": 3, "change_message": ""}}, {"model": "admin.logentry", "pk": 1376, "fields": {"action_time": "2019-03-20T10:47:57.789Z", "user": 2, "content_type": 15, "object_id": "291", "object_repr": "S Group", "action_flag": 3, "change_message": ""}}, {"model": "admin.logentry", "pk": 1377, "fields": {"action_time": "2019-03-20T10:47:57.800Z", "user": 2, "content_type": 15, "object_id": "290", "object_repr": "9940290540 - DWH Implementation SOW011", "action_flag": 3, "change_message": ""}}, {"model": "admin.logentry", "pk": 1378, "fields": {"action_time": "2019-03-20T10:47:57.812Z", "user": 2, "content_type": 15, "object_id": "289", "object_repr": "9940184499 - FDW - Deployment Processes", "action_flag": 3, "change_message": ""}}, {"model": "admin.logentry", "pk": 1379, "fields": {"action_time": "2019-03-20T10:47:57.826Z", "user": 2, "content_type": 15, "object_id": "288", "object_repr": "9940117374 SAP_Marketing Automation", "action_flag": 3, "change_message": ""}}, {"model": "admin.logentry", "pk": 1380, "fields": {"action_time": "2019-03-20T10:47:57.838Z", "user": 2, "content_type": 15, "object_id": "287", "object_repr": "Group Application Development and Manage", "action_flag": 3, "change_message": ""}}, {"model": "admin.logentry", "pk": 1381, "fields": {"action_time": "2019-03-20T10:47:57.850Z", "user": 2, "content_type": 15, "object_id": "286", "object_repr": "Axa-FRA - AXA Group IFRS17 CSM tool", "action_flag": 3, "change_message": ""}}, {"model": "admin.logentry", "pk": 1382, "fields": {"action_time": "2019-03-20T10:47:57.860Z", "user": 2, "content_type": 15, "object_id": "285", "object_repr": "Strategic KYC 2011", "action_flag": 3, "change_message": ""}}, {"model": "admin.logentry", "pk": 1383, "fields": {"action_time": "2019-03-20T10:47:57.896Z", "user": 2, "content_type": 15, "object_id": "284", "object_repr": "Payment : Urgent Payments / C2P", "action_flag": 3, "change_message": ""}}, {"model": "admin.logentry", "pk": 1384, "fields": {"action_time": "2019-03-20T10:47:57.908Z", "user": 2, "content_type": 15, "object_id": "283", "object_repr": "Airbus ARP Migration Wave 3", "action_flag": 3, "change_message": ""}}, {"model": "admin.logentry", "pk": 1385, "fields": {"action_time": "2019-03-20T10:47:57.919Z", "user": 2, "content_type": 15, "object_id": "282", "object_repr": "SAFiR", "action_flag": 3, "change_message": ""}}, {"model": "admin.logentry", "pk": 1386, "fields": {"action_time": "2019-03-20T10:47:57.929Z", "user": 2, "content_type": 15, "object_id": "281", "object_repr": "SF - PRD - Testing - Coty", "action_flag": 3, "change_message": ""}}, {"model": "admin.logentry", "pk": 1387, "fields": {"action_time": "2019-03-20T10:47:57.940Z", "user": 2, "content_type": 15, "object_id": "280", "object_repr": "SAP IPS CoE - Dev - SAP SE (SalesCloud)", "action_flag": 3, "change_message": ""}}, {"model": "admin.logentry", "pk": 1388, "fields": {"action_time": "2019-03-20T10:47:57.950Z", "user": 2, "content_type": 15, "object_id": "279", "object_repr": "SF Oracle BI - Augusta", "action_flag": 3, "change_message": ""}}, {"model": "admin.logentry", "pk": 1389, "fields": {"action_time": "2019-03-20T10:48:19.920Z", "user": 2, "content_type": 13, "object_id": "125", "object_repr": "INTERNATIONAL AIRLINES GROUP", "action_flag": 3, "change_message": ""}}, {"model": "admin.logentry", "pk": 1390, "fields": {"action_time": "2019-03-20T10:48:19.930Z", "user": 2, "content_type": 13, "object_id": "124", "object_repr": "BANK OF IRELAND", "action_flag": 3, "change_message": ""}}, {"model": "admin.logentry", "pk": 1391, "fields": {"action_time": "2019-03-20T10:48:19.940Z", "user": 2, "content_type": 13, "object_id": "123", "object_repr": "KFW", "action_flag": 3, "change_message": ""}}, {"model": "admin.logentry", "pk": 1392, "fields": {"action_time": "2019-03-20T10:48:19.950Z", "user": 2, "content_type": 13, "object_id": "122", "object_repr": "S GROUP", "action_flag": 3, "change_message": ""}}, {"model": "admin.logentry", "pk": 1393, "fields": {"action_time": "2019-03-20T10:48:19.960Z", "user": 2, "content_type": 13, "object_id": "121", "object_repr": "Baloise Holding", "action_flag": 3, "change_message": ""}}, {"model": "admin.logentry", "pk": 1394, "fields": {"action_time": "2019-03-20T10:48:19.969Z", "user": 2, "content_type": 13, "object_id": "120", "object_repr": "DEUTSCHE BANK", "action_flag": 3, "change_message": ""}}, {"model": "admin.logentry", "pk": 1395, "fields": {"action_time": "2019-03-20T10:48:19.982Z", "user": 2, "content_type": 13, "object_id": "119", "object_repr": "SAS INSTITUTE", "action_flag": 3, "change_message": ""}}, {"model": "admin.logentry", "pk": 1396, "fields": {"action_time": "2019-03-20T10:48:19.995Z", "user": 2, "content_type": 13, "object_id": "118", "object_repr": "COTY INC.", "action_flag": 3, "change_message": ""}}, {"model": "admin.logentry", "pk": 1397, "fields": {"action_time": "2019-03-20T10:48:20.007Z", "user": 2, "content_type": 13, "object_id": "117", "object_repr": "SAP", "action_flag": 3, "change_message": ""}}, {"model": "admin.logentry", "pk": 1398, "fields": {"action_time": "2019-03-20T10:48:20.018Z", "user": 2, "content_type": 13, "object_id": "116", "object_repr": "DANONE", "action_flag": 3, "change_message": ""}}, {"model": "admin.logentry", "pk": 1399, "fields": {"action_time": "2019-03-20T10:48:20.028Z", "user": 2, "content_type": 13, "object_id": "115", "object_repr": "AGRICULTURE AND AGRIFOOD CANADA", "action_flag": 3, "change_message": ""}}, {"model": "admin.logentry", "pk": 1400, "fields": {"action_time": "2019-03-20T10:48:20.038Z", "user": 2, "content_type": 13, "object_id": "114", "object_repr": "EQUINOR ASA", "action_flag": 3, "change_message": ""}}, {"model": "admin.logentry", "pk": 1401, "fields": {"action_time": "2019-03-20T10:48:20.047Z", "user": 2, "content_type": 13, "object_id": "113", "object_repr": "COLLECTOR BANK", "action_flag": 3, "change_message": ""}}, {"model": "admin.logentry", "pk": 1402, "fields": {"action_time": "2019-03-20T10:48:20.058Z", "user": 2, "content_type": 13, "object_id": "112", "object_repr": "BARCLAYS", "action_flag": 3, "change_message": ""}}, {"model": "admin.logentry", "pk": 1403, "fields": {"action_time": "2019-03-20T10:48:20.068Z", "user": 2, "content_type": 13, "object_id": "111", "object_repr": "ERICSSON", "action_flag": 3, "change_message": ""}}, {"model": "admin.logentry", "pk": 1404, "fields": {"action_time": "2019-03-20T10:48:20.078Z", "user": 2, "content_type": 13, "object_id": "110", "object_repr": "ACCIONA", "action_flag": 3, "change_message": ""}}, {"model": "admin.logentry", "pk": 1405, "fields": {"action_time": "2019-03-20T10:48:20.089Z", "user": 2, "content_type": 13, "object_id": "109", "object_repr": "UK HMRC", "action_flag": 3, "change_message": ""}}, {"model": "admin.logentry", "pk": 1406, "fields": {"action_time": "2019-03-20T10:48:20.099Z", "user": 2, "content_type": 13, "object_id": "108", "object_repr": "AMLIN", "action_flag": 3, "change_message": ""}}, {"model": "admin.logentry", "pk": 1407, "fields": {"action_time": "2019-03-20T10:48:20.110Z", "user": 2, "content_type": 13, "object_id": "107", "object_repr": "VOLKSWAGEN", "action_flag": 3, "change_message": ""}}, {"model": "admin.logentry", "pk": 1408, "fields": {"action_time": "2019-03-20T10:48:20.123Z", "user": 2, "content_type": 13, "object_id": "106", "object_repr": "PHILIP MORRIS INTERNATIONAL", "action_flag": 3, "change_message": ""}}, {"model": "admin.logentry", "pk": 1409, "fields": {"action_time": "2019-03-20T10:48:20.136Z", "user": 2, "content_type": 13, "object_id": "105", "object_repr": "ROYAL BANK OF CANADA", "action_flag": 3, "change_message": ""}}, {"model": "admin.logentry", "pk": 1410, "fields": {"action_time": "2019-03-20T10:48:20.146Z", "user": 2, "content_type": 13, "object_id": "104", "object_repr": "FININVEST GRUPPO", "action_flag": 3, "change_message": ""}}, {"model": "admin.logentry", "pk": 1411, "fields": {"action_time": "2019-03-20T10:48:20.154Z", "user": 2, "content_type": 13, "object_id": "103", "object_repr": "FRESENIUS", "action_flag": 3, "change_message": ""}}, {"model": "admin.logentry", "pk": 1412, "fields": {"action_time": "2019-03-20T10:48:20.164Z", "user": 2, "content_type": 13, "object_id": "102", "object_repr": "VIENNA INSURANCE GROUP", "action_flag": 3, "change_message": ""}}, {"model": "admin.logentry", "pk": 1413, "fields": {"action_time": "2019-03-20T10:48:20.173Z", "user": 2, "content_type": 13, "object_id": "101", "object_repr": "OP GROUP", "action_flag": 3, "change_message": ""}}, {"model": "admin.logentry", "pk": 1414, "fields": {"action_time": "2019-03-20T10:48:20.184Z", "user": 2, "content_type": 13, "object_id": "100", "object_repr": "Nationwide Building Society", "action_flag": 3, "change_message": ""}}, {"model": "admin.logentry", "pk": 1415, "fields": {"action_time": "2019-03-20T10:48:20.194Z", "user": 2, "content_type": 13, "object_id": "99", "object_repr": "ROCHE", "action_flag": 3, "change_message": ""}}, {"model": "admin.logentry", "pk": 1416, "fields": {"action_time": "2019-03-20T10:48:20.203Z", "user": 2, "content_type": 13, "object_id": "98", "object_repr": "BANCO SABADELL", "action_flag": 3, "change_message": ""}}, {"model": "admin.logentry", "pk": 1417, "fields": {"action_time": "2019-03-20T10:48:20.212Z", "user": 2, "content_type": 13, "object_id": "97", "object_repr": "ECOEMBALAJES ESPANA", "action_flag": 3, "change_message": ""}}, {"model": "admin.logentry", "pk": 1418, "fields": {"action_time": "2019-03-20T10:48:20.221Z", "user": 2, "content_type": 13, "object_id": "96", "object_repr": "UK POST OFFICE", "action_flag": 3, "change_message": ""}}, {"model": "admin.logentry", "pk": 1419, "fields": {"action_time": "2019-03-20T10:48:20.230Z", "user": 2, "content_type": 13, "object_id": "95", "object_repr": "EUROPEAN CENTRAL BANK", "action_flag": 3, "change_message": ""}}, {"model": "admin.logentry", "pk": 1420, "fields": {"action_time": "2019-03-20T10:48:20.240Z", "user": 2, "content_type": 13, "object_id": "94", "object_repr": "IRELAND NATIONAL", "action_flag": 3, "change_message": ""}}, {"model": "admin.logentry", "pk": 1421, "fields": {"action_time": "2019-03-20T10:48:20.248Z", "user": 2, "content_type": 13, "object_id": "93", "object_repr": "LIBERBANK", "action_flag": 3, "change_message": ""}}, {"model": "admin.logentry", "pk": 1422, "fields": {"action_time": "2019-03-20T10:48:20.257Z", "user": 2, "content_type": 13, "object_id": "92", "object_repr": "NORDEA", "action_flag": 3, "change_message": ""}}, {"model": "admin.logentry", "pk": 1423, "fields": {"action_time": "2019-03-20T10:48:20.269Z", "user": 2, "content_type": 13, "object_id": "91", "object_repr": "Librerie Feltrinelli S.r.l.", "action_flag": 3, "change_message": ""}}, {"model": "admin.logentry", "pk": 1424, "fields": {"action_time": "2019-03-20T10:48:20.279Z", "user": 2, "content_type": 13, "object_id": "90", "object_repr": "BMW", "action_flag": 3, "change_message": ""}}, {"model": "admin.logentry", "pk": 1425, "fields": {"action_time": "2019-03-20T10:48:20.289Z", "user": 2, "content_type": 13, "object_id": "89", "object_repr": "JP MORGAN CHASE & CO", "action_flag": 3, "change_message": ""}}, {"model": "admin.logentry", "pk": 1426, "fields": {"action_time": "2019-03-20T10:48:20.298Z", "user": 2, "content_type": 13, "object_id": "88", "object_repr": "HOLLYFRONTIER CORPORATION", "action_flag": 3, "change_message": ""}}, {"model": "admin.logentry", "pk": 1427, "fields": {"action_time": "2019-03-20T10:48:20.307Z", "user": 2, "content_type": 13, "object_id": "87", "object_repr": "SANTANDER", "action_flag": 3, "change_message": ""}}, {"model": "admin.logentry", "pk": 1428, "fields": {"action_time": "2019-03-20T10:48:20.318Z", "user": 2, "content_type": 13, "object_id": "86", "object_repr": "RABOBANK", "action_flag": 3, "change_message": ""}}, {"model": "admin.logentry", "pk": 1429, "fields": {"action_time": "2019-03-20T10:48:20.326Z", "user": 2, "content_type": 13, "object_id": "85", "object_repr": "SODEXO", "action_flag": 3, "change_message": ""}}, {"model": "admin.logentry", "pk": 1430, "fields": {"action_time": "2019-03-20T10:48:20.336Z", "user": 2, "content_type": 13, "object_id": "84", "object_repr": "PETRONAS", "action_flag": 3, "change_message": ""}}, {"model": "admin.logentry", "pk": 1431, "fields": {"action_time": "2019-03-20T10:48:20.347Z", "user": 2, "content_type": 13, "object_id": "83", "object_repr": "BBVA", "action_flag": 3, "change_message": ""}}, {"model": "admin.logentry", "pk": 1432, "fields": {"action_time": "2019-03-20T10:48:20.356Z", "user": 2, "content_type": 13, "object_id": "82", "object_repr": "DEUTSCHE TELEKOM", "action_flag": 3, "change_message": ""}}, {"model": "admin.logentry", "pk": 1433, "fields": {"action_time": "2019-03-20T10:48:20.365Z", "user": 2, "content_type": 13, "object_id": "81", "object_repr": "ESSITY", "action_flag": 3, "change_message": ""}}, {"model": "admin.logentry", "pk": 1434, "fields": {"action_time": "2019-03-20T10:48:20.373Z", "user": 2, "content_type": 13, "object_id": "80", "object_repr": "SYSTEMBOLAGET AB", "action_flag": 3, "change_message": ""}}, {"model": "admin.logentry", "pk": 1435, "fields": {"action_time": "2019-03-20T10:48:20.382Z", "user": 2, "content_type": 13, "object_id": "79", "object_repr": "KONICA MINOLTA", "action_flag": 3, "change_message": ""}}, {"model": "admin.logentry", "pk": 1436, "fields": {"action_time": "2019-03-20T10:48:20.391Z", "user": 2, "content_type": 13, "object_id": "78", "object_repr": "UNICREDIT GROUP", "action_flag": 3, "change_message": ""}}, {"model": "admin.logentry", "pk": 1437, "fields": {"action_time": "2019-03-20T10:48:20.400Z", "user": 2, "content_type": 13, "object_id": "77", "object_repr": "CREDIT SUISSE", "action_flag": 3, "change_message": ""}}, {"model": "admin.logentry", "pk": 1438, "fields": {"action_time": "2019-03-20T10:48:20.410Z", "user": 2, "content_type": 13, "object_id": "76", "object_repr": "HUSQVARNA AB", "action_flag": 3, "change_message": ""}}, {"model": "admin.logentry", "pk": 1439, "fields": {"action_time": "2019-03-20T10:48:20.418Z", "user": 2, "content_type": 13, "object_id": "75", "object_repr": "REPSOL", "action_flag": 3, "change_message": ""}}, {"model": "admin.logentry", "pk": 1440, "fields": {"action_time": "2019-03-20T10:48:20.427Z", "user": 2, "content_type": 13, "object_id": "74", "object_repr": "WCB-ALBERTA", "action_flag": 3, "change_message": ""}}, {"model": "admin.logentry", "pk": 1441, "fields": {"action_time": "2019-03-20T10:48:20.436Z", "user": 2, "content_type": 13, "object_id": "73", "object_repr": "BANKIA", "action_flag": 3, "change_message": ""}}, {"model": "admin.logentry", "pk": 1442, "fields": {"action_time": "2019-03-20T10:48:20.446Z", "user": 2, "content_type": 13, "object_id": "72", "object_repr": "LA CAIXA", "action_flag": 3, "change_message": ""}}, {"model": "admin.logentry", "pk": 1443, "fields": {"action_time": "2019-03-20T10:48:20.455Z", "user": 2, "content_type": 13, "object_id": "71", "object_repr": "ALDI EINKAUF GMBH & CO. OHG", "action_flag": 3, "change_message": ""}}, {"model": "admin.logentry", "pk": 1444, "fields": {"action_time": "2019-03-20T10:48:20.463Z", "user": 2, "content_type": 13, "object_id": "70", "object_repr": "MORNEAU SHEPELL LTD.", "action_flag": 3, "change_message": ""}}, {"model": "admin.logentry", "pk": 1445, "fields": {"action_time": "2019-03-20T10:48:20.473Z", "user": 2, "content_type": 13, "object_id": "69", "object_repr": "NATIONAL BANK OF GREECE", "action_flag": 3, "change_message": ""}}, {"model": "admin.logentry", "pk": 1446, "fields": {"action_time": "2019-03-20T10:48:20.482Z", "user": 2, "content_type": 13, "object_id": "68", "object_repr": "Husky Energy Inc.", "action_flag": 3, "change_message": ""}}, {"model": "admin.logentry", "pk": 1447, "fields": {"action_time": "2019-03-20T10:48:20.491Z", "user": 2, "content_type": 13, "object_id": "67", "object_repr": "UBS", "action_flag": 3, "change_message": ""}}, {"model": "admin.logentry", "pk": 1448, "fields": {"action_time": "2019-03-20T10:48:20.501Z", "user": 2, "content_type": 13, "object_id": "66", "object_repr": "BANCA MONTE DEI PASCHI DI SIENA S.P", "action_flag": 3, "change_message": ""}}, {"model": "admin.logentry", "pk": 1449, "fields": {"action_time": "2019-03-20T10:48:20.510Z", "user": 2, "content_type": 13, "object_id": "65", "object_repr": "IBERDROLA", "action_flag": 3, "change_message": ""}}, {"model": "admin.logentry", "pk": 1450, "fields": {"action_time": "2019-03-20T10:48:20.521Z", "user": 2, "content_type": 13, "object_id": "64", "object_repr": "Accenture - CIO", "action_flag": 3, "change_message": ""}}, {"model": "admin.logentry", "pk": 1451, "fields": {"action_time": "2019-03-20T10:48:20.530Z", "user": 2, "content_type": 13, "object_id": "63", "object_repr": "LA BANQUE POSTALE", "action_flag": 3, "change_message": ""}}, {"model": "admin.logentry", "pk": 1452, "fields": {"action_time": "2019-03-20T10:48:20.539Z", "user": 2, "content_type": 13, "object_id": "62", "object_repr": "MALAYAN BANKING BHD", "action_flag": 3, "change_message": ""}}, {"model": "admin.logentry", "pk": 1453, "fields": {"action_time": "2019-03-20T10:48:20.549Z", "user": 2, "content_type": 13, "object_id": "61", "object_repr": "Accenture Internal - ICEG", "action_flag": 3, "change_message": ""}}, {"model": "admin.logentry", "pk": 1454, "fields": {"action_time": "2019-03-20T10:48:20.560Z", "user": 2, "content_type": 13, "object_id": "60", "object_repr": "UBI BANCA", "action_flag": 3, "change_message": ""}}, {"model": "admin.logentry", "pk": 1455, "fields": {"action_time": "2019-03-20T10:48:20.570Z", "user": 2, "content_type": 13, "object_id": "59", "object_repr": "E.S.B.", "action_flag": 3, "change_message": ""}}, {"model": "admin.logentry", "pk": 1456, "fields": {"action_time": "2019-03-20T10:48:20.580Z", "user": 2, "content_type": 13, "object_id": "58", "object_repr": "AUCHAN", "action_flag": 3, "change_message": ""}}, {"model": "admin.logentry", "pk": 1457, "fields": {"action_time": "2019-03-20T10:48:20.590Z", "user": 2, "content_type": 13, "object_id": "57", "object_repr": "AXIATA GROUP BERHAD", "action_flag": 3, "change_message": ""}}, {"model": "admin.logentry", "pk": 1458, "fields": {"action_time": "2019-03-20T10:48:20.615Z", "user": 2, "content_type": 13, "object_id": "56", "object_repr": "ROYAL LONDON MUTUAL INS SOCIETY", "action_flag": 3, "change_message": ""}}, {"model": "admin.logentry", "pk": 1459, "fields": {"action_time": "2019-03-20T10:48:20.627Z", "user": 2, "content_type": 13, "object_id": "55", "object_repr": "FCA (FINANCIAL CONDUCT AUTHORITY)", "action_flag": 3, "change_message": ""}}, {"model": "admin.logentry", "pk": 1460, "fields": {"action_time": "2019-03-20T10:48:20.637Z", "user": 2, "content_type": 13, "object_id": "54", "object_repr": "UOB BANK", "action_flag": 3, "change_message": ""}}, {"model": "admin.logentry", "pk": 1461, "fields": {"action_time": "2019-03-20T10:48:20.646Z", "user": 2, "content_type": 13, "object_id": "53", "object_repr": "ZURICH INSURANCE GROUP LTD.", "action_flag": 3, "change_message": ""}}, {"model": "admin.logentry", "pk": 1462, "fields": {"action_time": "2019-03-20T10:48:20.654Z", "user": 2, "content_type": 13, "object_id": "52", "object_repr": "QBE Management", "action_flag": 3, "change_message": ""}}, {"model": "admin.logentry", "pk": 1463, "fields": {"action_time": "2019-03-20T10:48:20.663Z", "user": 2, "content_type": 13, "object_id": "51", "object_repr": "NORWAY NATIONAL", "action_flag": 3, "change_message": ""}}, {"model": "admin.logentry", "pk": 1464, "fields": {"action_time": "2019-03-20T10:48:20.671Z", "user": 2, "content_type": 13, "object_id": "50", "object_repr": "UK DEPT FOR WORK AND PENSIONS", "action_flag": 3, "change_message": ""}}, {"model": "admin.logentry", "pk": 1465, "fields": {"action_time": "2019-03-20T10:48:20.681Z", "user": 2, "content_type": 13, "object_id": "49", "object_repr": "CHUBB LTD.", "action_flag": 3, "change_message": ""}}, {"model": "admin.logentry", "pk": 1466, "fields": {"action_time": "2019-03-20T10:48:20.690Z", "user": 2, "content_type": 13, "object_id": "48", "object_repr": "AIRBUS GROUP", "action_flag": 3, "change_message": ""}}, {"model": "admin.logentry", "pk": 1467, "fields": {"action_time": "2019-03-20T10:48:20.698Z", "user": 2, "content_type": 13, "object_id": "47", "object_repr": "AMADEUS", "action_flag": 3, "change_message": ""}}, {"model": "admin.logentry", "pk": 1468, "fields": {"action_time": "2019-03-20T10:48:20.706Z", "user": 2, "content_type": 13, "object_id": "46", "object_repr": "R.A.I.", "action_flag": 3, "change_message": ""}}, {"model": "admin.logentry", "pk": 1469, "fields": {"action_time": "2019-03-20T10:48:20.716Z", "user": 2, "content_type": 13, "object_id": "45", "object_repr": "QUANTEXA LIMITED", "action_flag": 3, "change_message": ""}}, {"model": "admin.logentry", "pk": 1470, "fields": {"action_time": "2019-03-20T10:48:20.724Z", "user": 2, "content_type": 13, "object_id": "44", "object_repr": "ENEL - ENDESA", "action_flag": 3, "change_message": ""}}, {"model": "admin.logentry", "pk": 1471, "fields": {"action_time": "2019-03-20T10:48:20.734Z", "user": 2, "content_type": 13, "object_id": "43", "object_repr": "Singapore Pools", "action_flag": 3, "change_message": ""}}, {"model": "admin.logentry", "pk": 1472, "fields": {"action_time": "2019-03-20T10:48:20.744Z", "user": 2, "content_type": 13, "object_id": "42", "object_repr": "PKO BP SA", "action_flag": 3, "change_message": ""}}, {"model": "admin.logentry", "pk": 1473, "fields": {"action_time": "2019-03-20T10:48:20.752Z", "user": 2, "content_type": 13, "object_id": "41", "object_repr": "RWE AG", "action_flag": 3, "change_message": ""}}, {"model": "admin.logentry", "pk": 1474, "fields": {"action_time": "2019-03-20T10:48:20.761Z", "user": 2, "content_type": 13, "object_id": "40", "object_repr": "DON'T USE-IVANHOE CAMBRIDGE", "action_flag": 3, "change_message": ""}}, {"model": "admin.logentry", "pk": 1475, "fields": {"action_time": "2019-03-20T10:48:20.770Z", "user": 2, "content_type": 13, "object_id": "39", "object_repr": "ALLIANZ", "action_flag": 3, "change_message": ""}}, {"model": "admin.logentry", "pk": 1476, "fields": {"action_time": "2019-03-20T10:48:20.779Z", "user": 2, "content_type": 13, "object_id": "38", "object_repr": "MICHELIN", "action_flag": 3, "change_message": ""}}, {"model": "admin.logentry", "pk": 1477, "fields": {"action_time": "2019-03-20T10:48:20.787Z", "user": 2, "content_type": 13, "object_id": "37", "object_repr": "Accenture Software", "action_flag": 3, "change_message": ""}}, {"model": "admin.logentry", "pk": 1478, "fields": {"action_time": "2019-03-20T10:48:20.796Z", "user": 2, "content_type": 13, "object_id": "36", "object_repr": "THALES", "action_flag": 3, "change_message": ""}}, {"model": "admin.logentry", "pk": 1479, "fields": {"action_time": "2019-03-20T10:48:20.804Z", "user": 2, "content_type": 13, "object_id": "35", "object_repr": "ITALY NATIONAL", "action_flag": 3, "change_message": ""}}, {"model": "admin.logentry", "pk": 1480, "fields": {"action_time": "2019-03-20T10:48:20.815Z", "user": 2, "content_type": 13, "object_id": "34", "object_repr": "TJX, Inc.", "action_flag": 3, "change_message": ""}}, {"model": "admin.logentry", "pk": 1481, "fields": {"action_time": "2019-03-20T10:48:20.824Z", "user": 2, "content_type": 13, "object_id": "33", "object_repr": "AUSTRIA NATIONAL", "action_flag": 3, "change_message": ""}}, {"model": "admin.logentry", "pk": 1482, "fields": {"action_time": "2019-03-20T10:48:20.833Z", "user": 2, "content_type": 13, "object_id": "32", "object_repr": "Accenture Internal - UKI", "action_flag": 3, "change_message": ""}}, {"model": "admin.logentry", "pk": 1483, "fields": {"action_time": "2019-03-20T10:48:20.841Z", "user": 2, "content_type": 13, "object_id": "31", "object_repr": "BANCO DE INVESTIMENTO GLOBAL S.A.", "action_flag": 3, "change_message": ""}}, {"model": "admin.logentry", "pk": 1484, "fields": {"action_time": "2019-03-20T10:48:20.852Z", "user": 2, "content_type": 13, "object_id": "30", "object_repr": "TETRA PAK PACKAGING SOLUTIONS SPA", "action_flag": 3, "change_message": ""}}, {"model": "admin.logentry", "pk": 1485, "fields": {"action_time": "2019-03-20T10:48:20.861Z", "user": 2, "content_type": 13, "object_id": "29", "object_repr": "AGEAS", "action_flag": 3, "change_message": ""}}, {"model": "admin.logentry", "pk": 1486, "fields": {"action_time": "2019-03-20T10:48:20.872Z", "user": 2, "content_type": 13, "object_id": "28", "object_repr": "ALPHA BANK GROUP", "action_flag": 3, "change_message": ""}}, {"model": "admin.logentry", "pk": 1487, "fields": {"action_time": "2019-03-20T10:48:20.881Z", "user": 2, "content_type": 13, "object_id": "27", "object_repr": "Accenture Internal - ASEAN", "action_flag": 3, "change_message": ""}}, {"model": "admin.logentry", "pk": 1488, "fields": {"action_time": "2019-03-20T10:48:20.890Z", "user": 2, "content_type": 13, "object_id": "26", "object_repr": "NATIONAL BANK OF CANADA", "action_flag": 3, "change_message": ""}}, {"model": "admin.logentry", "pk": 1489, "fields": {"action_time": "2019-03-20T10:48:20.898Z", "user": 2, "content_type": 13, "object_id": "25", "object_repr": "ROYAL DUTCH SHELL PLC", "action_flag": 3, "change_message": ""}}, {"model": "admin.logentry", "pk": 1490, "fields": {"action_time": "2019-03-20T10:48:20.908Z", "user": 2, "content_type": 13, "object_id": "24", "object_repr": "ENGIE", "action_flag": 3, "change_message": ""}}, {"model": "admin.logentry", "pk": 1491, "fields": {"action_time": "2019-03-20T10:48:20.917Z", "user": 2, "content_type": 13, "object_id": "23", "object_repr": "CANADIAN IMPERIAL BANK OF COMMERCE", "action_flag": 3, "change_message": ""}}, {"model": "admin.logentry", "pk": 1492, "fields": {"action_time": "2019-03-20T10:48:20.994Z", "user": 2, "content_type": 13, "object_id": "22", "object_repr": "Accenture Internal - Iberia", "action_flag": 3, "change_message": ""}}, {"model": "admin.logentry", "pk": 1493, "fields": {"action_time": "2019-03-20T10:48:21.015Z", "user": 2, "content_type": 13, "object_id": "21", "object_repr": "COMMERZBANK AG", "action_flag": 3, "change_message": ""}}, {"model": "admin.logentry", "pk": 1494, "fields": {"action_time": "2019-03-20T10:48:21.087Z", "user": 2, "content_type": 13, "object_id": "20", "object_repr": "METROLINX", "action_flag": 3, "change_message": ""}}, {"model": "admin.logentry", "pk": 1495, "fields": {"action_time": "2019-03-20T10:48:21.117Z", "user": 2, "content_type": 13, "object_id": "19", "object_repr": "UK HOME OFFICE", "action_flag": 3, "change_message": ""}}, {"model": "admin.logentry", "pk": 1496, "fields": {"action_time": "2019-03-20T10:48:21.147Z", "user": 2, "content_type": 13, "object_id": "18", "object_repr": "BUNDESAGENTUR F#R ARBEIT", "action_flag": 3, "change_message": ""}}, {"model": "admin.logentry", "pk": 1497, "fields": {"action_time": "2019-03-20T10:48:21.157Z", "user": 2, "content_type": 13, "object_id": "17", "object_repr": "DEUTSCHE POST DHL", "action_flag": 3, "change_message": ""}}, {"model": "admin.logentry", "pk": 1498, "fields": {"action_time": "2019-03-20T10:48:21.189Z", "user": 2, "content_type": 13, "object_id": "16", "object_repr": "AVANADE", "action_flag": 3, "change_message": ""}}, {"model": "admin.logentry", "pk": 1499, "fields": {"action_time": "2019-03-20T10:48:21.199Z", "user": 2, "content_type": 13, "object_id": "15", "object_repr": "PPF", "action_flag": 3, "change_message": ""}}, {"model": "admin.logentry", "pk": 1500, "fields": {"action_time": "2019-03-20T10:48:21.211Z", "user": 2, "content_type": 13, "object_id": "14", "object_repr": "SINGAPORE NATIONAL", "action_flag": 3, "change_message": ""}}, {"model": "admin.logentry", "pk": 1501, "fields": {"action_time": "2019-03-20T10:48:21.247Z", "user": 2, "content_type": 13, "object_id": "13", "object_repr": "EPS Group", "action_flag": 3, "change_message": ""}}, {"model": "admin.logentry", "pk": 1502, "fields": {"action_time": "2019-03-20T10:48:21.261Z", "user": 2, "content_type": 13, "object_id": "12", "object_repr": "Accenture Internal - Gallia", "action_flag": 3, "change_message": ""}}, {"model": "admin.logentry", "pk": 1503, "fields": {"action_time": "2019-03-20T10:48:21.273Z", "user": 2, "content_type": 13, "object_id": "11", "object_repr": "SKY EUROPE", "action_flag": 3, "change_message": ""}}, {"model": "admin.logentry", "pk": 1504, "fields": {"action_time": "2019-03-20T10:48:21.285Z", "user": 2, "content_type": 13, "object_id": "10", "object_repr": "SKY NETWORK TELEVISION LTD.", "action_flag": 3, "change_message": ""}}, {"model": "admin.logentry", "pk": 1505, "fields": {"action_time": "2019-03-20T10:48:40.540Z", "user": 2, "content_type": 23, "object_id": "13", "object_repr": "EtlTask object (13)", "action_flag": 1, "change_message": "[{\"added\": {}}]"}}, {"model": "admin.logentry", "pk": 1506, "fields": {"action_time": "2019-03-20T11:05:45.832Z", "user": 2, "content_type": 18, "object_id": "2", "object_repr": "CRM BI", "action_flag": 2, "change_message": "[{\"changed\": {\"fields\": [\"html_template\"]}}, {\"changed\": {\"name\": \"Template property\", \"object\": \"footer_html\", \"fields\": [\"value\"]}}]"}}, {"model": "admin.logentry", "pk": 1507, "fields": {"action_time": "2019-03-20T11:07:54.952Z", "user": 2, "content_type": 18, "object_id": "2", "object_repr": "CRM BI", "action_flag": 2, "change_message": "[{\"changed\": {\"name\": \"campaign attachment\", \"object\": \"CRM BI\", \"fields\": [\"attachment\"]}}]"}}, {"model": "admin.logentry", "pk": 1508, "fields": {"action_time": "2019-03-20T11:11:40.432Z", "user": 2, "content_type": 18, "object_id": "2", "object_repr": "CRM BI", "action_flag": 2, "change_message": "[{\"changed\": {\"fields\": [\"html_template\"]}}]"}}, {"model": "admin.logentry", "pk": 1509, "fields": {"action_time": "2019-03-20T11:13:21.264Z", "user": 2, "content_type": 18, "object_id": "2", "object_repr": "CRM BI", "action_flag": 2, "change_message": "[{\"changed\": {\"name\": \"Template property\", \"object\": \"footer_html\", \"fields\": [\"value\"]}}]"}}, {"model": "admin.logentry", "pk": 1510, "fields": {"action_time": "2019-03-20T11:22:29.584Z", "user": 2, "content_type": 18, "object_id": "2", "object_repr": "CRM BI", "action_flag": 2, "change_message": "[{\"added\": {\"name\": \"campaign post action\", \"object\": \"<Post Action> Mark contacts as \\\"active\\\"\"}}]"}}, {"model": "admin.logentry", "pk": 1511, "fields": {"action_time": "2019-03-20T11:22:47.698Z", "user": 2, "content_type": 18, "object_id": "2", "object_repr": "CRM BI", "action_flag": 2, "change_message": "[]"}}, {"model": "admin.logentry", "pk": 1512, "fields": {"action_time": "2019-03-20T11:23:29.680Z", "user": 2, "content_type": 13, "object_id": "141", "object_repr": "INTERNATIONAL AIRLINES GROUP", "action_flag": 3, "change_message": ""}}, {"model": "admin.logentry", "pk": 1513, "fields": {"action_time": "2019-03-20T11:23:29.695Z", "user": 2, "content_type": 13, "object_id": "140", "object_repr": "AMLIN", "action_flag": 3, "change_message": ""}}, {"model": "admin.logentry", "pk": 1514, "fields": {"action_time": "2019-03-20T11:23:29.703Z", "user": 2, "content_type": 13, "object_id": "139", "object_repr": "BANK OF IRELAND", "action_flag": 3, "change_message": ""}}, {"model": "admin.logentry", "pk": 1515, "fields": {"action_time": "2019-03-20T11:23:29.712Z", "user": 2, "content_type": 13, "object_id": "138", "object_repr": "UK DEPT FOR WORK AND PENSIONS", "action_flag": 3, "change_message": ""}}, {"model": "admin.logentry", "pk": 1516, "fields": {"action_time": "2019-03-20T11:23:29.721Z", "user": 2, "content_type": 13, "object_id": "137", "object_repr": "KFW", "action_flag": 3, "change_message": ""}}, {"model": "admin.logentry", "pk": 1517, "fields": {"action_time": "2019-03-20T11:23:29.730Z", "user": 2, "content_type": 13, "object_id": "136", "object_repr": "S GROUP", "action_flag": 3, "change_message": ""}}, {"model": "admin.logentry", "pk": 1518, "fields": {"action_time": "2019-03-20T11:23:29.738Z", "user": 2, "content_type": 13, "object_id": "135", "object_repr": "Baloise Holding", "action_flag": 3, "change_message": ""}}, {"model": "admin.logentry", "pk": 1519, "fields": {"action_time": "2019-03-20T11:23:29.749Z", "user": 2, "content_type": 13, "object_id": "134", "object_repr": "DEUTSCHE BANK", "action_flag": 3, "change_message": ""}}, {"model": "admin.logentry", "pk": 1520, "fields": {"action_time": "2019-03-20T11:23:29.758Z", "user": 2, "content_type": 13, "object_id": "133", "object_repr": "BARCLAYS", "action_flag": 3, "change_message": ""}}, {"model": "admin.logentry", "pk": 1521, "fields": {"action_time": "2019-03-20T11:23:29.767Z", "user": 2, "content_type": 13, "object_id": "132", "object_repr": "SAS INSTITUTE", "action_flag": 3, "change_message": ""}}, {"model": "admin.logentry", "pk": 1522, "fields": {"action_time": "2019-03-20T11:23:29.777Z", "user": 2, "content_type": 13, "object_id": "131", "object_repr": "JP MORGAN CHASE & CO", "action_flag": 3, "change_message": ""}}, {"model": "admin.logentry", "pk": 1523, "fields": {"action_time": "2019-03-20T11:23:29.786Z", "user": 2, "content_type": 13, "object_id": "130", "object_repr": "AIRBUS GROUP", "action_flag": 3, "change_message": ""}}, {"model": "admin.logentry", "pk": 1524, "fields": {"action_time": "2019-03-20T11:23:29.796Z", "user": 2, "content_type": 13, "object_id": "129", "object_repr": "COMMERZBANK AG", "action_flag": 3, "change_message": ""}}, {"model": "admin.logentry", "pk": 1525, "fields": {"action_time": "2019-03-20T11:23:29.805Z", "user": 2, "content_type": 13, "object_id": "128", "object_repr": "COTY INC.", "action_flag": 3, "change_message": ""}}, {"model": "admin.logentry", "pk": 1526, "fields": {"action_time": "2019-03-20T11:23:29.814Z", "user": 2, "content_type": 13, "object_id": "127", "object_repr": "SAP", "action_flag": 3, "change_message": ""}}, {"model": "admin.logentry", "pk": 1527, "fields": {"action_time": "2019-03-20T11:23:29.822Z", "user": 2, "content_type": 13, "object_id": "126", "object_repr": "DANONE", "action_flag": 3, "change_message": ""}}, {"model": "admin.logentry", "pk": 1528, "fields": {"action_time": "2019-03-20T11:23:42.808Z", "user": 2, "content_type": 14, "object_id": "419", "object_repr": "inigo lana ruiz", "action_flag": 3, "change_message": ""}}, {"model": "admin.logentry", "pk": 1529, "fields": {"action_time": "2019-03-20T11:23:42.837Z", "user": 2, "content_type": 14, "object_id": "418", "object_repr": "matthieu tirroloni", "action_flag": 3, "change_message": ""}}, {"model": "admin.logentry", "pk": 1530, "fields": {"action_time": "2019-03-20T11:23:42.868Z", "user": 2, "content_type": 14, "object_id": "417", "object_repr": "cyril bonnet", "action_flag": 3, "change_message": ""}}, {"model": "admin.logentry", "pk": 1531, "fields": {"action_time": "2019-03-20T11:23:42.887Z", "user": 2, "content_type": 14, "object_id": "416", "object_repr": "simeon moss", "action_flag": 3, "change_message": ""}}, {"model": "admin.logentry", "pk": 1532, "fields": {"action_time": "2019-03-20T11:23:42.911Z", "user": 2, "content_type": 14, "object_id": "415", "object_repr": "charmian choo", "action_flag": 3, "change_message": ""}}, {"model": "admin.logentry", "pk": 1533, "fields": {"action_time": "2019-03-20T11:23:42.923Z", "user": 2, "content_type": 14, "object_id": "414", "object_repr": "mikhail patsev", "action_flag": 3, "change_message": ""}}, {"model": "admin.logentry", "pk": 1534, "fields": {"action_time": "2019-03-20T11:23:42.940Z", "user": 2, "content_type": 14, "object_id": "413", "object_repr": "maria odukoya", "action_flag": 3, "change_message": ""}}, {"model": "admin.logentry", "pk": 1535, "fields": {"action_time": "2019-03-20T11:23:42.952Z", "user": 2, "content_type": 14, "object_id": "412", "object_repr": "amy sillitoe", "action_flag": 3, "change_message": ""}}, {"model": "admin.logentry", "pk": 1536, "fields": {"action_time": "2019-03-20T11:23:42.979Z", "user": 2, "content_type": 14, "object_id": "411", "object_repr": "jo knibbs", "action_flag": 3, "change_message": ""}}, {"model": "admin.logentry", "pk": 1537, "fields": {"action_time": "2019-03-20T11:23:42.992Z", "user": 2, "content_type": 14, "object_id": "410", "object_repr": "gregor meyer", "action_flag": 3, "change_message": ""}}, {"model": "admin.logentry", "pk": 1538, "fields": {"action_time": "2019-03-20T11:23:43.004Z", "user": 2, "content_type": 14, "object_id": "409", "object_repr": "uwe nowak", "action_flag": 3, "change_message": ""}}, {"model": "admin.logentry", "pk": 1539, "fields": {"action_time": "2019-03-20T11:23:43.014Z", "user": 2, "content_type": 14, "object_id": "408", "object_repr": "stefan hegenbart", "action_flag": 3, "change_message": ""}}, {"model": "admin.logentry", "pk": 1540, "fields": {"action_time": "2019-03-20T11:23:43.024Z", "user": 2, "content_type": 14, "object_id": "407", "object_repr": "taru karppi", "action_flag": 3, "change_message": ""}}, {"model": "admin.logentry", "pk": 1541, "fields": {"action_time": "2019-03-20T11:23:43.048Z", "user": 2, "content_type": 14, "object_id": "406", "object_repr": "bruno mann", "action_flag": 3, "change_message": ""}}, {"model": "admin.logentry", "pk": 1542, "fields": {"action_time": "2019-03-20T11:23:43.061Z", "user": 2, "content_type": 14, "object_id": "405", "object_repr": "jacek rozen", "action_flag": 3, "change_message": ""}}, {"model": "admin.logentry", "pk": 1543, "fields": {"action_time": "2019-03-20T11:23:43.072Z", "user": 2, "content_type": 14, "object_id": "404", "object_repr": "nurkan elmas", "action_flag": 3, "change_message": ""}}, {"model": "admin.logentry", "pk": 1544, "fields": {"action_time": "2019-03-20T11:23:43.086Z", "user": 2, "content_type": 14, "object_id": "403", "object_repr": "maximilian kuhn", "action_flag": 3, "change_message": ""}}, {"model": "admin.logentry", "pk": 1545, "fields": {"action_time": "2019-03-20T11:23:43.095Z", "user": 2, "content_type": 14, "object_id": "402", "object_repr": "hans-peter erl", "action_flag": 3, "change_message": ""}}, {"model": "admin.logentry", "pk": 1546, "fields": {"action_time": "2019-03-20T11:23:43.106Z", "user": 2, "content_type": 14, "object_id": "401", "object_repr": "natasha miller", "action_flag": 3, "change_message": ""}}, {"model": "admin.logentry", "pk": 1547, "fields": {"action_time": "2019-03-20T11:23:43.115Z", "user": 2, "content_type": 14, "object_id": "400", "object_repr": "vidhi gureja", "action_flag": 3, "change_message": ""}}, {"model": "admin.logentry", "pk": 1548, "fields": {"action_time": "2019-03-20T11:23:43.125Z", "user": 2, "content_type": 14, "object_id": "399", "object_repr": "harish nagarajan", "action_flag": 3, "change_message": ""}}, {"model": "admin.logentry", "pk": 1549, "fields": {"action_time": "2019-03-20T11:23:43.136Z", "user": 2, "content_type": 14, "object_id": "398", "object_repr": "Shyamji   Gupta", "action_flag": 3, "change_message": ""}}, {"model": "admin.logentry", "pk": 1550, "fields": {"action_time": "2019-03-20T11:23:43.146Z", "user": 2, "content_type": 14, "object_id": "397", "object_repr": "Mary Joyce Pagulayan Miranda", "action_flag": 3, "change_message": ""}}, {"model": "admin.logentry", "pk": 1551, "fields": {"action_time": "2019-03-20T11:23:43.158Z", "user": 2, "content_type": 14, "object_id": "396", "object_repr": "Rodel Del Carmen Torralba", "action_flag": 3, "change_message": ""}}, {"model": "admin.logentry", "pk": 1552, "fields": {"action_time": "2019-03-20T11:23:43.168Z", "user": 2, "content_type": 14, "object_id": "395", "object_repr": "Michael Allan Jimenez Amorin", "action_flag": 3, "change_message": ""}}, {"model": "admin.logentry", "pk": 1553, "fields": {"action_time": "2019-03-20T11:23:43.179Z", "user": 2, "content_type": 14, "object_id": "394", "object_repr": "Jefferson Ang Co", "action_flag": 3, "change_message": ""}}, {"model": "admin.logentry", "pk": 1554, "fields": {"action_time": "2019-03-20T11:23:43.197Z", "user": 2, "content_type": 14, "object_id": "393", "object_repr": "Cristopher Dimaapi Bernardo", "action_flag": 3, "change_message": ""}}, {"model": "admin.logentry", "pk": 1555, "fields": {"action_time": "2019-03-20T11:23:57.054Z", "user": 2, "content_type": 15, "object_id": "318", "object_repr": "0010692413 customer hub", "action_flag": 3, "change_message": ""}}, {"model": "admin.logentry", "pk": 1556, "fields": {"action_time": "2019-03-20T11:23:57.092Z", "user": 2, "content_type": 15, "object_id": "317", "object_repr": "GPAP - DanIS", "action_flag": 3, "change_message": ""}}, {"model": "admin.logentry", "pk": 1557, "fields": {"action_time": "2019-03-20T11:23:57.107Z", "user": 2, "content_type": 15, "object_id": "316", "object_repr": "9940270298- IEP 2018 WP3", "action_flag": 3, "change_message": ""}}, {"model": "admin.logentry", "pk": 1558, "fields": {"action_time": "2019-03-20T11:23:57.119Z", "user": 2, "content_type": 15, "object_id": "315", "object_repr": "Bank of Ireland AM UKI", "action_flag": 3, "change_message": ""}}, {"model": "admin.logentry", "pk": 1559, "fields": {"action_time": "2019-03-20T11:23:57.130Z", "user": 2, "content_type": 15, "object_id": "314", "object_repr": "Resource Augmentation", "action_flag": 3, "change_message": ""}}, {"model": "admin.logentry", "pk": 1560, "fields": {"action_time": "2019-03-20T11:23:57.140Z", "user": 2, "content_type": 15, "object_id": "313", "object_repr": "9940173011 - KfW - WP1 - IT Risk (RMP)", "action_flag": 3, "change_message": ""}}, {"model": "admin.logentry", "pk": 1561, "fields": {"action_time": "2019-03-20T11:23:57.152Z", "user": 2, "content_type": 15, "object_id": "312", "object_repr": "9940145503 - KFW - IT Panel WP 1 - Melde", "action_flag": 3, "change_message": ""}}, {"model": "admin.logentry", "pk": 1562, "fields": {"action_time": "2019-03-20T11:23:57.171Z", "user": 2, "content_type": 15, "object_id": "311", "object_repr": "S Group", "action_flag": 3, "change_message": ""}}, {"model": "admin.logentry", "pk": 1563, "fields": {"action_time": "2019-03-20T11:23:57.181Z", "user": 2, "content_type": 15, "object_id": "310", "object_repr": "9940290540 - DWH Implementation SOW011", "action_flag": 3, "change_message": ""}}, {"model": "admin.logentry", "pk": 1564, "fields": {"action_time": "2019-03-20T11:23:57.192Z", "user": 2, "content_type": 15, "object_id": "309", "object_repr": "9940184499 - FDW - Deployment Processes", "action_flag": 3, "change_message": ""}}, {"model": "admin.logentry", "pk": 1565, "fields": {"action_time": "2019-03-20T11:23:57.204Z", "user": 2, "content_type": 15, "object_id": "308", "object_repr": "9940117374 SAP_Marketing Automation", "action_flag": 3, "change_message": ""}}, {"model": "admin.logentry", "pk": 1566, "fields": {"action_time": "2019-03-20T11:23:57.216Z", "user": 2, "content_type": 15, "object_id": "307", "object_repr": "Group Application Development and Manage", "action_flag": 3, "change_message": ""}}, {"model": "admin.logentry", "pk": 1567, "fields": {"action_time": "2019-03-20T11:23:57.231Z", "user": 2, "content_type": 15, "object_id": "306", "object_repr": "Axa-FRA - AXA Group IFRS17 CSM tool", "action_flag": 3, "change_message": ""}}, {"model": "admin.logentry", "pk": 1568, "fields": {"action_time": "2019-03-20T11:23:57.246Z", "user": 2, "content_type": 15, "object_id": "305", "object_repr": "Strategic KYC 2011", "action_flag": 3, "change_message": ""}}, {"model": "admin.logentry", "pk": 1569, "fields": {"action_time": "2019-03-20T11:23:57.263Z", "user": 2, "content_type": 15, "object_id": "304", "object_repr": "Payment : Urgent Payments / C2P", "action_flag": 3, "change_message": ""}}, {"model": "admin.logentry", "pk": 1570, "fields": {"action_time": "2019-03-20T11:23:57.273Z", "user": 2, "content_type": 15, "object_id": "303", "object_repr": "Airbus ARP Migration Wave 3", "action_flag": 3, "change_message": ""}}, {"model": "admin.logentry", "pk": 1571, "fields": {"action_time": "2019-03-20T11:23:57.286Z", "user": 2, "content_type": 15, "object_id": "302", "object_repr": "SAFiR", "action_flag": 3, "change_message": ""}}, {"model": "admin.logentry", "pk": 1572, "fields": {"action_time": "2019-03-20T11:23:57.297Z", "user": 2, "content_type": 15, "object_id": "301", "object_repr": "SF - PRD - Testing - Coty", "action_flag": 3, "change_message": ""}}, {"model": "admin.logentry", "pk": 1573, "fields": {"action_time": "2019-03-20T11:23:57.307Z", "user": 2, "content_type": 15, "object_id": "300", "object_repr": "SAP IPS CoE - Dev - SAP SE (SalesCloud)", "action_flag": 3, "change_message": ""}}, {"model": "admin.logentry", "pk": 1574, "fields": {"action_time": "2019-03-20T11:23:57.320Z", "user": 2, "content_type": 15, "object_id": "299", "object_repr": "SF Oracle BI - Augusta", "action_flag": 3, "change_message": ""}}, {"model": "admin.logentry", "pk": 1575, "fields": {"action_time": "2019-03-20T13:19:23.473Z", "user": 2, "content_type": 23, "object_id": "14", "object_repr": "EtlTask object (14)", "action_flag": 1, "change_message": "[{\"added\": {}}]"}}, {"model": "admin.logentry", "pk": 1576, "fields": {"action_time": "2019-03-20T13:19:49.906Z", "user": 2, "content_type": 18, "object_id": "2", "object_repr": "CRM BI", "action_flag": 2, "change_message": "[{\"changed\": {\"name\": \"Trigger\", \"object\": \"<Predicate> SF Oracle BI - Augusta\", \"fields\": [\"active\"]}}, {\"changed\": {\"name\": \"Trigger\", \"object\": \"<Predicate> Only primary contacts\", \"fields\": [\"active\"]}}, {\"deleted\": {\"name\": \"campaign post action\", \"object\": \"<Post Action> Mark contacts as \\\"active\\\"\"}}]"}}, {"model": "admin.logentry", "pk": 1577, "fields": {"action_time": "2019-03-28T14:30:08.497Z", "user": 2, "content_type": 14, "object_id": "446", "object_repr": "inigo lana ruiz", "action_flag": 3, "change_message": ""}}, {"model": "admin.logentry", "pk": 1578, "fields": {"action_time": "2019-03-28T14:30:08.508Z", "user": 2, "content_type": 14, "object_id": "445", "object_repr": "matthieu tirroloni", "action_flag": 3, "change_message": ""}}, {"model": "admin.logentry", "pk": 1579, "fields": {"action_time": "2019-03-28T14:30:08.518Z", "user": 2, "content_type": 14, "object_id": "444", "object_repr": "cyril bonnet", "action_flag": 3, "change_message": ""}}, {"model": "admin.logentry", "pk": 1580, "fields": {"action_time": "2019-03-28T14:30:08.527Z", "user": 2, "content_type": 14, "object_id": "443", "object_repr": "simeon moss", "action_flag": 3, "change_message": ""}}, {"model": "admin.logentry", "pk": 1581, "fields": {"action_time": "2019-03-28T14:30:08.537Z", "user": 2, "content_type": 14, "object_id": "442", "object_repr": "charmian choo", "action_flag": 3, "change_message": ""}}, {"model": "admin.logentry", "pk": 1582, "fields": {"action_time": "2019-03-28T14:30:08.547Z", "user": 2, "content_type": 14, "object_id": "441", "object_repr": "mikhail patsev", "action_flag": 3, "change_message": ""}}, {"model": "admin.logentry", "pk": 1583, "fields": {"action_time": "2019-03-28T14:30:08.558Z", "user": 2, "content_type": 14, "object_id": "440", "object_repr": "maria odukoya", "action_flag": 3, "change_message": ""}}, {"model": "admin.logentry", "pk": 1584, "fields": {"action_time": "2019-03-28T14:30:08.570Z", "user": 2, "content_type": 14, "object_id": "439", "object_repr": "amy sillitoe", "action_flag": 3, "change_message": ""}}, {"model": "admin.logentry", "pk": 1585, "fields": {"action_time": "2019-03-28T14:30:08.580Z", "user": 2, "content_type": 14, "object_id": "438", "object_repr": "jo knibbs", "action_flag": 3, "change_message": ""}}, {"model": "admin.logentry", "pk": 1586, "fields": {"action_time": "2019-03-28T14:30:08.588Z", "user": 2, "content_type": 14, "object_id": "437", "object_repr": "gregor meyer", "action_flag": 3, "change_message": ""}}, {"model": "admin.logentry", "pk": 1587, "fields": {"action_time": "2019-03-28T14:30:08.597Z", "user": 2, "content_type": 14, "object_id": "436", "object_repr": "uwe nowak", "action_flag": 3, "change_message": ""}}, {"model": "admin.logentry", "pk": 1588, "fields": {"action_time": "2019-03-28T14:30:08.606Z", "user": 2, "content_type": 14, "object_id": "435", "object_repr": "stefan hegenbart", "action_flag": 3, "change_message": ""}}, {"model": "admin.logentry", "pk": 1589, "fields": {"action_time": "2019-03-28T14:30:08.616Z", "user": 2, "content_type": 14, "object_id": "434", "object_repr": "taru karppi", "action_flag": 3, "change_message": ""}}, {"model": "admin.logentry", "pk": 1590, "fields": {"action_time": "2019-03-28T14:30:08.624Z", "user": 2, "content_type": 14, "object_id": "433", "object_repr": "bruno mann", "action_flag": 3, "change_message": ""}}, {"model": "admin.logentry", "pk": 1591, "fields": {"action_time": "2019-03-28T14:30:08.634Z", "user": 2, "content_type": 14, "object_id": "432", "object_repr": "jacek rozen", "action_flag": 3, "change_message": ""}}, {"model": "admin.logentry", "pk": 1592, "fields": {"action_time": "2019-03-28T14:30:08.643Z", "user": 2, "content_type": 14, "object_id": "431", "object_repr": "nurkan elmas", "action_flag": 3, "change_message": ""}}, {"model": "admin.logentry", "pk": 1593, "fields": {"action_time": "2019-03-28T14:30:08.652Z", "user": 2, "content_type": 14, "object_id": "430", "object_repr": "maximilian kuhn", "action_flag": 3, "change_message": ""}}, {"model": "admin.logentry", "pk": 1594, "fields": {"action_time": "2019-03-28T14:30:08.661Z", "user": 2, "content_type": 14, "object_id": "429", "object_repr": "hans-peter erl", "action_flag": 3, "change_message": ""}}, {"model": "admin.logentry", "pk": 1595, "fields": {"action_time": "2019-03-28T14:30:08.672Z", "user": 2, "content_type": 14, "object_id": "428", "object_repr": "natasha miller", "action_flag": 3, "change_message": ""}}, {"model": "admin.logentry", "pk": 1596, "fields": {"action_time": "2019-03-28T14:30:08.680Z", "user": 2, "content_type": 14, "object_id": "427", "object_repr": "vidhi gureja", "action_flag": 3, "change_message": ""}}, {"model": "admin.logentry", "pk": 1597, "fields": {"action_time": "2019-03-28T14:30:08.689Z", "user": 2, "content_type": 14, "object_id": "426", "object_repr": "harish nagarajan", "action_flag": 3, "change_message": ""}}, {"model": "admin.logentry", "pk": 1598, "fields": {"action_time": "2019-03-28T14:30:08.699Z", "user": 2, "content_type": 14, "object_id": "425", "object_repr": "Shyamji   Gupta", "action_flag": 3, "change_message": ""}}, {"model": "admin.logentry", "pk": 1599, "fields": {"action_time": "2019-03-28T14:30:08.710Z", "user": 2, "content_type": 14, "object_id": "424", "object_repr": "Mary Joyce Pagulayan Miranda", "action_flag": 3, "change_message": ""}}, {"model": "admin.logentry", "pk": 1600, "fields": {"action_time": "2019-03-28T14:30:08.721Z", "user": 2, "content_type": 14, "object_id": "423", "object_repr": "Rodel Del Carmen Torralba", "action_flag": 3, "change_message": ""}}, {"model": "admin.logentry", "pk": 1601, "fields": {"action_time": "2019-03-28T14:30:08.732Z", "user": 2, "content_type": 14, "object_id": "422", "object_repr": "Michael Allan Jimenez Amorin", "action_flag": 3, "change_message": ""}}, {"model": "admin.logentry", "pk": 1602, "fields": {"action_time": "2019-03-28T14:30:08.741Z", "user": 2, "content_type": 14, "object_id": "421", "object_repr": "Jefferson Ang Co", "action_flag": 3, "change_message": ""}}, {"model": "admin.logentry", "pk": 1603, "fields": {"action_time": "2019-03-28T14:30:08.750Z", "user": 2, "content_type": 14, "object_id": "420", "object_repr": "Cristopher Dimaapi Bernardo", "action_flag": 3, "change_message": ""}}, {"model": "admin.logentry", "pk": 1604, "fields": {"action_time": "2019-03-28T14:31:04.777Z", "user": 2, "content_type": 15, "object_id": "338", "object_repr": "0010692413 customer hub", "action_flag": 3, "change_message": ""}}, {"model": "admin.logentry", "pk": 1605, "fields": {"action_time": "2019-03-28T14:31:04.792Z", "user": 2, "content_type": 15, "object_id": "337", "object_repr": "GPAP - DanIS", "action_flag": 3, "change_message": ""}}, {"model": "admin.logentry", "pk": 1606, "fields": {"action_time": "2019-03-28T14:31:04.803Z", "user": 2, "content_type": 15, "object_id": "336", "object_repr": "9940270298- IEP 2018 WP3", "action_flag": 3, "change_message": ""}}, {"model": "admin.logentry", "pk": 1607, "fields": {"action_time": "2019-03-28T14:31:04.811Z", "user": 2, "content_type": 15, "object_id": "335", "object_repr": "Bank of Ireland AM UKI", "action_flag": 3, "change_message": ""}}, {"model": "admin.logentry", "pk": 1608, "fields": {"action_time": "2019-03-28T14:31:04.821Z", "user": 2, "content_type": 15, "object_id": "334", "object_repr": "Resource Augmentation", "action_flag": 3, "change_message": ""}}, {"model": "admin.logentry", "pk": 1609, "fields": {"action_time": "2019-03-28T14:31:04.830Z", "user": 2, "content_type": 15, "object_id": "333", "object_repr": "9940173011 - KfW - WP1 - IT Risk (RMP)", "action_flag": 3, "change_message": ""}}, {"model": "admin.logentry", "pk": 1610, "fields": {"action_time": "2019-03-28T14:31:04.839Z", "user": 2, "content_type": 15, "object_id": "332", "object_repr": "9940145503 - KFW - IT Panel WP 1 - Melde", "action_flag": 3, "change_message": ""}}, {"model": "admin.logentry", "pk": 1611, "fields": {"action_time": "2019-03-28T14:31:04.850Z", "user": 2, "content_type": 15, "object_id": "331", "object_repr": "S Group", "action_flag": 3, "change_message": ""}}, {"model": "admin.logentry", "pk": 1612, "fields": {"action_time": "2019-03-28T14:31:04.859Z", "user": 2, "content_type": 15, "object_id": "330", "object_repr": "9940290540 - DWH Implementation SOW011", "action_flag": 3, "change_message": ""}}, {"model": "admin.logentry", "pk": 1613, "fields": {"action_time": "2019-03-28T14:31:04.867Z", "user": 2, "content_type": 15, "object_id": "329", "object_repr": "9940184499 - FDW - Deployment Processes", "action_flag": 3, "change_message": ""}}, {"model": "admin.logentry", "pk": 1614, "fields": {"action_time": "2019-03-28T14:31:04.876Z", "user": 2, "content_type": 15, "object_id": "328", "object_repr": "9940117374 SAP_Marketing Automation", "action_flag": 3, "change_message": ""}}, {"model": "admin.logentry", "pk": 1615, "fields": {"action_time": "2019-03-28T14:31:04.885Z", "user": 2, "content_type": 15, "object_id": "327", "object_repr": "Group Application Development and Manage", "action_flag": 3, "change_message": ""}}, {"model": "admin.logentry", "pk": 1616, "fields": {"action_time": "2019-03-28T14:31:04.895Z", "user": 2, "content_type": 15, "object_id": "326", "object_repr": "Axa-FRA - AXA Group IFRS17 CSM tool", "action_flag": 3, "change_message": ""}}, {"model": "admin.logentry", "pk": 1617, "fields": {"action_time": "2019-03-28T14:31:04.904Z", "user": 2, "content_type": 15, "object_id": "325", "object_repr": "Strategic KYC 2011", "action_flag": 3, "change_message": ""}}, {"model": "admin.logentry", "pk": 1618, "fields": {"action_time": "2019-03-28T14:31:04.916Z", "user": 2, "content_type": 15, "object_id": "324", "object_repr": "Payment : Urgent Payments / C2P", "action_flag": 3, "change_message": ""}}, {"model": "admin.logentry", "pk": 1619, "fields": {"action_time": "2019-03-28T14:31:04.925Z", "user": 2, "content_type": 15, "object_id": "323", "object_repr": "Airbus ARP Migration Wave 3", "action_flag": 3, "change_message": ""}}, {"model": "admin.logentry", "pk": 1620, "fields": {"action_time": "2019-03-28T14:31:04.934Z", "user": 2, "content_type": 15, "object_id": "322", "object_repr": "SAFiR", "action_flag": 3, "change_message": ""}}, {"model": "admin.logentry", "pk": 1621, "fields": {"action_time": "2019-03-28T14:31:04.946Z", "user": 2, "content_type": 15, "object_id": "321", "object_repr": "SF - PRD - Testing - Coty", "action_flag": 3, "change_message": ""}}, {"model": "admin.logentry", "pk": 1622, "fields": {"action_time": "2019-03-28T14:31:04.957Z", "user": 2, "content_type": 15, "object_id": "320", "object_repr": "SAP IPS CoE - Dev - SAP SE (SalesCloud)", "action_flag": 3, "change_message": ""}}, {"model": "admin.logentry", "pk": 1623, "fields": {"action_time": "2019-03-28T14:31:04.966Z", "user": 2, "content_type": 15, "object_id": "319", "object_repr": "SF Oracle BI - Augusta", "action_flag": 3, "change_message": ""}}, {"model": "admin.logentry", "pk": 1624, "fields": {"action_time": "2019-03-28T14:31:21.658Z", "user": 2, "content_type": 13, "object_id": "157", "object_repr": "INTERNATIONAL AIRLINES GROUP", "action_flag": 3, "change_message": ""}}, {"model": "admin.logentry", "pk": 1625, "fields": {"action_time": "2019-03-28T14:31:21.673Z", "user": 2, "content_type": 13, "object_id": "156", "object_repr": "AMLIN", "action_flag": 3, "change_message": ""}}, {"model": "admin.logentry", "pk": 1626, "fields": {"action_time": "2019-03-28T14:31:21.682Z", "user": 2, "content_type": 13, "object_id": "155", "object_repr": "BANK OF IRELAND", "action_flag": 3, "change_message": ""}}, {"model": "admin.logentry", "pk": 1627, "fields": {"action_time": "2019-03-28T14:31:21.692Z", "user": 2, "content_type": 13, "object_id": "154", "object_repr": "UK DEPT FOR WORK AND PENSIONS", "action_flag": 3, "change_message": ""}}, {"model": "admin.logentry", "pk": 1628, "fields": {"action_time": "2019-03-28T14:31:21.701Z", "user": 2, "content_type": 13, "object_id": "153", "object_repr": "KFW", "action_flag": 3, "change_message": ""}}, {"model": "admin.logentry", "pk": 1629, "fields": {"action_time": "2019-03-28T14:31:21.711Z", "user": 2, "content_type": 13, "object_id": "152", "object_repr": "S GROUP", "action_flag": 3, "change_message": ""}}, {"model": "admin.logentry", "pk": 1630, "fields": {"action_time": "2019-03-28T14:31:21.719Z", "user": 2, "content_type": 13, "object_id": "151", "object_repr": "Baloise Holding", "action_flag": 3, "change_message": ""}}, {"model": "admin.logentry", "pk": 1631, "fields": {"action_time": "2019-03-28T14:31:21.729Z", "user": 2, "content_type": 13, "object_id": "150", "object_repr": "DEUTSCHE BANK", "action_flag": 3, "change_message": ""}}, {"model": "admin.logentry", "pk": 1632, "fields": {"action_time": "2019-03-28T14:31:21.738Z", "user": 2, "content_type": 13, "object_id": "149", "object_repr": "BARCLAYS", "action_flag": 3, "change_message": ""}}, {"model": "admin.logentry", "pk": 1633, "fields": {"action_time": "2019-03-28T14:31:21.747Z", "user": 2, "content_type": 13, "object_id": "148", "object_repr": "SAS INSTITUTE", "action_flag": 3, "change_message": ""}}, {"model": "admin.logentry", "pk": 1634, "fields": {"action_time": "2019-03-28T14:31:21.764Z", "user": 2, "content_type": 13, "object_id": "147", "object_repr": "JP MORGAN CHASE & CO", "action_flag": 3, "change_message": ""}}, {"model": "admin.logentry", "pk": 1635, "fields": {"action_time": "2019-03-28T14:31:21.773Z", "user": 2, "content_type": 13, "object_id": "146", "object_repr": "AIRBUS GROUP", "action_flag": 3, "change_message": ""}}, {"model": "admin.logentry", "pk": 1636, "fields": {"action_time": "2019-03-28T14:31:21.782Z", "user": 2, "content_type": 13, "object_id": "145", "object_repr": "COMMERZBANK AG", "action_flag": 3, "change_message": ""}}, {"model": "admin.logentry", "pk": 1637, "fields": {"action_time": "2019-03-28T14:31:21.792Z", "user": 2, "content_type": 13, "object_id": "144", "object_repr": "COTY INC.", "action_flag": 3, "change_message": ""}}, {"model": "admin.logentry", "pk": 1638, "fields": {"action_time": "2019-03-28T14:31:21.805Z", "user": 2, "content_type": 13, "object_id": "143", "object_repr": "SAP", "action_flag": 3, "change_message": ""}}, {"model": "admin.logentry", "pk": 1639, "fields": {"action_time": "2019-03-28T14:31:21.819Z", "user": 2, "content_type": 13, "object_id": "142", "object_repr": "DANONE", "action_flag": 3, "change_message": ""}}, {"model": "admin.logentry", "pk": 1640, "fields": {"action_time": "2019-03-28T14:31:47.366Z", "user": 2, "content_type": 23, "object_id": "15", "object_repr": "EtlTask object (15)", "action_flag": 1, "change_message": "[{\"added\": {}}]"}}, {"model": "admin.logentry", "pk": 1641, "fields": {"action_time": "2019-03-28T14:32:54.557Z", "user": 2, "content_type": 18, "object_id": "2", "object_repr": "CRM BI", "action_flag": 3, "change_message": ""}}, {"model": "admin.logentry", "pk": 1642, "fields": {"action_time": "2019-03-28T14:36:28.131Z", "user": 2, "content_type": 18, "object_id": "1", "object_repr": "My SuperCampaign", "action_flag": 2, "change_message": "[{\"changed\": {\"name\": \"Trigger\", \"object\": \"<Predicate> Primary Contacts Only\", \"fields\": [\"active\"]}}, {\"changed\": {\"name\": \"Trigger\", \"object\": \"<Predicate> Only  EALA_Network_Test\", \"fields\": [\"active\"]}}]"}}, {"model": "admin.logentry", "pk": 1643, "fields": {"action_time": "2019-03-28T14:42:59.946Z", "user": 2, "content_type": 14, "object_id": "448", "object_repr": "Petr I L Sidorov", "action_flag": 2, "change_message": "[{\"changed\": {\"fields\": [\"first_name\", \"email\", \"display_name\"]}}]"}}, {"model": "admin.logentry", "pk": 1644, "fields": {"action_time": "2019-03-28T14:43:54.573Z", "user": 2, "content_type": 14, "object_id": "447", "object_repr": "Alina Leonora Petrova Vodkina", "action_flag": 2, "change_message": "[{\"changed\": {\"fields\": [\"first_name\", \"last_name\", \"email\", \"display_name\"]}}]"}}, {"model": "admin.logentry", "pk": 1645, "fields": {"action_time": "2019-03-28T14:45:49.359Z", "user": 2, "content_type": 18, "object_id": "1", "object_repr": "My SuperCampaign", "action_flag": 2, "change_message": "[{\"changed\": {\"fields\": [\"template\", \"html_template\"]}}]"}}, {"model": "admin.logentry", "pk": 1646, "fields": {"action_time": "2019-03-28T14:52:25.362Z", "user": 2, "content_type": 18, "object_id": "1", "object_repr": "My SuperCampaign", "action_flag": 2, "change_message": "[{\"changed\": {\"fields\": [\"template\", \"html_template\"]}}]"}}, {"model": "admin.logentry", "pk": 1647, "fields": {"action_time": "2019-03-28T14:52:39.722Z", "user": 2, "content_type": 18, "object_id": "1", "object_repr": "My SuperCampaign", "action_flag": 2, "change_message": "[{\"deleted\": {\"name\": \"Trigger\", \"object\": \"<Predicate> Only Security Architect\"}}]"}}, {"model": "admin.logentry", "pk": 1648, "fields": {"action_time": "2019-03-28T14:54:18.852Z", "user": 2, "content_type": 18, "object_id": "1", "object_repr": "My SuperCampaign", "action_flag": 2, "change_message": "[{\"changed\": {\"fields\": [\"template\", \"html_template\"]}}]"}}, {"model": "admin.logentry", "pk": 1649, "fields": {"action_time": "2019-03-28T15:10:56.567Z", "user": 2, "content_type": 18, "object_id": "1", "object_repr": "My SuperCampaign", "action_flag": 2, "change_message": "[{\"changed\": {\"fields\": [\"template\"]}}]"}}, {"model": "admin.logentry", "pk": 1650, "fields": {"action_time": "2019-03-28T15:13:22.197Z", "user": 2, "content_type": 18, "object_id": "1", "object_repr": "My SuperCampaign", "action_flag": 2, "change_message": "[{\"changed\": {\"fields\": [\"html_template\"]}}]"}}, {"model": "admin.logentry", "pk": 1651, "fields": {"action_time": "2019-03-28T15:17:43.084Z", "user": 2, "content_type": 18, "object_id": "1", "object_repr": "My SuperCampaign", "action_flag": 2, "change_message": "[{\"deleted\": {\"name\": \"campaign attachment\", \"object\": \"My SuperCampaign\"}}]"}}, {"model": "admin.logentry", "pk": 1652, "fields": {"action_time": "2019-03-28T15:18:15.817Z", "user": 2, "content_type": 18, "object_id": "1", "object_repr": "My SuperCampaign", "action_flag": 2, "change_message": "[{\"added\": {\"name\": \"campaign attachment\", \"object\": \"My SuperCampaign\"}}, {\"deleted\": {\"name\": \"Trigger\", \"object\": \"<Predicate> Only  EALA_Network_Test\"}}]"}}, {"model": "admin.logentry", "pk": 1653, "fields": {"action_time": "2019-03-28T15:19:18.607Z", "user": 2, "content_type": 18, "object_id": "1", "object_repr": "My SuperCampaign", "action_flag": 2, "change_message": "[{\"changed\": {\"fields\": [\"template\", \"html_template\"]}}]"}}, {"model": "admin.logentry", "pk": 1654, "fields": {"action_time": "2019-03-28T15:19:32.327Z", "user": 2, "content_type": 17, "object_id": "381", "object_repr": "new", "action_flag": 3, "change_message": ""}}, {"model": "admin.logentry", "pk": 1655, "fields": {"action_time": "2019-03-28T15:19:32.344Z", "user": 2, "content_type": 17, "object_id": "380", "object_repr": "new", "action_flag": 3, "change_message": ""}}, {"model": "admin.logentry", "pk": 1656, "fields": {"action_time": "2019-03-28T15:19:32.356Z", "user": 2, "content_type": 17, "object_id": "379", "object_repr": "new", "action_flag": 3, "change_message": ""}}, {"model": "admin.logentry", "pk": 1657, "fields": {"action_time": "2019-03-28T15:19:32.367Z", "user": 2, "content_type": 17, "object_id": "378", "object_repr": "new", "action_flag": 3, "change_message": ""}}, {"model": "admin.logentry", "pk": 1658, "fields": {"action_time": "2019-03-28T15:19:32.378Z", "user": 2, "content_type": 17, "object_id": "377", "object_repr": "new", "action_flag": 3, "change_message": ""}}, {"model": "admin.logentry", "pk": 1659, "fields": {"action_time": "2019-03-28T15:19:32.395Z", "user": 2, "content_type": 17, "object_id": "376", "object_repr": "new", "action_flag": 3, "change_message": ""}}, {"model": "admin.logentry", "pk": 1660, "fields": {"action_time": "2019-03-28T15:19:32.412Z", "user": 2, "content_type": 17, "object_id": "375", "object_repr": "new", "action_flag": 3, "change_message": ""}}, {"model": "admin.logentry", "pk": 1661, "fields": {"action_time": "2019-03-28T15:19:32.426Z", "user": 2, "content_type": 17, "object_id": "374", "object_repr": "new", "action_flag": 3, "change_message": ""}}, {"model": "admin.logentry", "pk": 1662, "fields": {"action_time": "2019-03-28T15:19:32.436Z", "user": 2, "content_type": 17, "object_id": "373", "object_repr": "new", "action_flag": 3, "change_message": ""}}, {"model": "admin.logentry", "pk": 1663, "fields": {"action_time": "2019-03-28T15:19:32.445Z", "user": 2, "content_type": 17, "object_id": "372", "object_repr": "new", "action_flag": 3, "change_message": ""}}, {"model": "admin.logentry", "pk": 1664, "fields": {"action_time": "2019-03-28T15:19:32.455Z", "user": 2, "content_type": 17, "object_id": "371", "object_repr": "new", "action_flag": 3, "change_message": ""}}, {"model": "admin.logentry", "pk": 1665, "fields": {"action_time": "2019-03-28T15:19:32.466Z", "user": 2, "content_type": 17, "object_id": "370", "object_repr": "new", "action_flag": 3, "change_message": ""}}, {"model": "admin.logentry", "pk": 1666, "fields": {"action_time": "2019-03-28T15:19:32.475Z", "user": 2, "content_type": 17, "object_id": "369", "object_repr": "new", "action_flag": 3, "change_message": ""}}, {"model": "admin.logentry", "pk": 1667, "fields": {"action_time": "2019-03-28T15:19:32.486Z", "user": 2, "content_type": 17, "object_id": "368", "object_repr": "new", "action_flag": 3, "change_message": ""}}, {"model": "admin.logentry", "pk": 1668, "fields": {"action_time": "2019-03-28T15:19:32.495Z", "user": 2, "content_type": 17, "object_id": "367", "object_repr": "new", "action_flag": 3, "change_message": ""}}, {"model": "admin.logentry", "pk": 1669, "fields": {"action_time": "2019-03-28T15:20:42.086Z", "user": 2, "content_type": 17, "object_id": "384", "object_repr": "new", "action_flag": 3, "change_message": ""}}, {"model": "admin.logentry", "pk": 1670, "fields": {"action_time": "2019-03-28T15:20:42.102Z", "user": 2, "content_type": 17, "object_id": "383", "object_repr": "new", "action_flag": 3, "change_message": ""}}, {"model": "admin.logentry", "pk": 1671, "fields": {"action_time": "2019-03-28T15:20:42.111Z", "user": 2, "content_type": 17, "object_id": "382", "object_repr": "new", "action_flag": 3, "change_message": ""}}]